time,pessure,tempF,alt_m,alt_f,kalman_alt_f,adxl335X,adxl335Y,adxl335Z,adxl377X,adxl377Y,angVelX,angVelY,angVelZ,Lat,Long,GPSAlt_mm,GPSAlt_f,Vel
2305112,83880,40.68,1.35,4.429134,1.02402,334,342,338,339,339,-0.02,-0.03,-0.1,4.08860832E+08,-1.04637907E+09,1648126,-0.27430164979105,-2.91630222222222
2305337,83884,40.68,1.15,3.772966,1.02402,334,342,337,339,340,-0.02,-0.03,-0.1,4.08860832E+08,-1.04637907E+09,1648121,-0.290705849266115,-1.73589417989418
2305715,83884,40.66,0.95,3.116798,1.02402,334,342,337,339,339,-0.02,-0.03,-0.09,4.08860832E+08,-1.04637907E+09,1648119,-0.297267529056142,3.33080203045685
2305912,83882,40.66,1.15,3.772966,1.02402,334,342,337,339,339,-0.02,-0.03,-0.1,4.08860832E+08,-1.04637907E+09,1648122,-0.287425009371102,-8.74890666666667
2306137,83882,40.67,0.55,1.804462,1.02402,334,342,337,339,339,-0.02,-0.03,-0.1,4.08860832E+08,-1.04637907E+09,1648134,-0.248054930630945,0
2306513,83886,40.65,0.55,1.804462,1.02402,334,342,337,339,339,-0.02,-0.03,-0.1,4.08860832E+08,-1.04637907E+09,1648127,-0.271020809896037,9.99240609137056
2306710,83886,40.66,1.15,3.772966,1.02643,341,312,314,341,335,-0.02,-0.03,-0.1,4.08860832E+08,-1.04637907E+09,1648139,-0.231650731155879,244.371086995516
2306933,83776,40.66,17.76,58.2677184,1.16675,313,342,326,338,339,0.09,0,-0.05,4.08860832E+08,-1.04637907E+09,1648143,-0.218527371575827,-120.131767676768
2307131,83764,40.67,10.51,34.4816284,1.30675,318,359,325,339,339,0.19,-0.03,-0.13,4.08860832E+08,-1.04637901E+09,1648173,-0.120102174725433,167.8477744
2307381,83628,40.68,23.3,76.443572,1.78675,312,377,325,339,340,-0.56,-0.43,-0.09,4.08860864E+08,-1.04637894E+09,1648135,-0.244774090735932,263.029629714286
2307731,83342,40.67,51.36,168.5039424,3.96675,364,319,325,337,338,-2,-0.26,0.19,4.08860864E+08,-1.04637856E+09,1648420,0.690265279342808,419.741547982063
2307954,83045,40.68,79.89,262.1063076,14.17675,339,358,325,338,339,1.9,0.23,-0.12,4.08860864E+08,-1.04637824E+09,1648647,1.43501593551079,354.595838383838
2308152,82826,40.68,101.29,332.3162836,48.62675,352,327,327,338,339,2.89,-0.33,0.04,4.08860992E+08,-1.04637792E+09,1648636,1.39892669666564,500.836915136476
2308555,82198,40.66,162.81,534.1535604,126.52677,362,321,329,338,339,4.07,0.04,-0.21,4.08861152E+08,-1.04637677E+09,1648747,1.7630999250121,472.887079886686
2308908,81725,40.65,213.69,701.0826996,198.2524,362,289,340,338,339,4.5,-0.06,0.01,4.08861344E+08,-1.04637536E+09,1649091,2.89170884889661,265.298381725888
2309105,81619,40.67,229.62,753.3464808,223.89246,361,329,341,338,339,4.7,-0.06,-0.18,4.08861504E+08,-1.04637453E+09,1649298,3.57084270716433,270.013132
2309305,81430,40.66,246.08,807.3491072,238.97252,351,309,341,339,339,4.43,0.02,-0.17,4.08861664E+08,-1.04637376E+09,1649487,4.19092144732181,387.435879396985
2309504,81190,40.67,269.58,884.4488472,257.07257,346,327,340,339,339,3.91,-0.1,0,4.0886176E+08,-1.04637306E+09,1649649,4.72241751031394,392.229571300448
2309727,80940,40.66,296.24,971.9160416,280.6526,355,327,340,338,339,3.92,-0.05,-0.08,4.0886192E+08,-1.04637235E+09,1649901,5.54918916385724,346.736491370558
2309924,80735,40.66,317.06,1040.2231304,304.06268,347,310,340,338,338,3.75,-0.09,-0.07,4.0886208E+08,-1.04637165E+09,1650230,6.62858548931656,383.708393908629
2310121,80526,40.67,340.1,1115.813684,327.3827,342,320,340,339,339,3.52,-0.04,-0.04,4.08862272E+08,-1.04637094E+09,1650602,7.84905793026144,365.343790954774
2310320,80300,40.66,362.26,1188.5170984,349.95273,351,316,340,338,339,3.71,-0.01,-0.19,4.08862432E+08,-1.04637024E+09,1650872,8.73488470191499,345.404170558376
2310517,80105,40.66,383,1256.56172,371.1728,351,332,340,339,339,3.33,-0.01,-0.07,4.0886272E+08,-1.04636947E+09,1650375,7.10430727409346,325.730034080717
2310740,79897,40.65,405.14,1329.1995176,392.6628,350,321,340,339,339,3.31,-0.06,-0.16,4.08862912E+08,-1.0463687E+09,1650468,7.40942538432969,322.385270471464
2311143,79527,40.63,444.74,1459.1207816,425.63287,365,335,340,338,339,3.08,0.01,-0.12,4.0886304E+08,-1.04636723E+09,1650645,7.99013404574701,309.472374670185
2311522,79184,40.62,480.49,1576.4108116,463.9229,351,323,340,338,339,3.11,0.13,-0.15,4.08863264E+08,-1.0463657E+09,1651396,10.4540448069019,273.958467005076
2311719,79033,40.63,496.94,1630.3806296,487.88297,336,328,340,339,339,2.69,0.02,-0.04,4.08863392E+08,-1.04636506E+09,1651832,11.8844910011276,274.563226262626
2311917,78870,40.63,513.51,1684.7441484,504.81296,343,336,340,338,340,2.46,-0.13,-0.16,4.08863424E+08,-1.04636435E+09,1652580,14.3385592425974,264.621286868687
2312115,78720,40.64,529.48,1737.1391632,519.693,342,322,339,339,339,2.37,0.08,0.05,4.08863392E+08,-1.04636371E+09,1653339,16.8287167229124,275.124247715736
2312312,78579,40.64,546,1791.33864,534.86304,340,336,340,339,339,2.3,-0.05,-0.05,4.08863392E+08,-1.04636307E+09,1654591,20.9363282714688,222.664115736041
2312509,78443,40.64,559.37,1835.2034708,548.93304,336,333,339,339,339,2.57,-0.01,-0.13,4.08863392E+08,-1.04636243E+09,1656276,26.4645434945659,257.356343718593
2312708,78299,40.64,574.98,1886.4173832,563.6031,342,337,339,338,339,2.3,-0.02,-0.15,4.0886336E+08,-1.04636173E+09,1657462,30.3556196100515,237.486184771574
2312905,78168,40.64,589.24,1933.2021616,578.14307,341,337,339,339,339,2.24,0,-0.1,4.08863264E+08,-1.04636109E+09,1658776,34.6666432320987,235.264255276382
2313104,78034,40.64,603.51,1980.0197484,592.5131,337,336,339,339,339,2.16,-0.01,-0.13,4.088632E+08,-1.04636045E+09,1660514,40.3687429696315,212.094707070707
2313302,77920,40.64,616.31,2022.0145004,605.9531,336,337,339,339,339,1.98,-0.08,-0.15,4.08863104E+08,-1.04635987E+09,1661709,44.2893466441722,208.175126903553
2313499,77802,40.64,628.81,2063.0250004,618.6431,336,338,339,339,339,1.92,-0.04,-0.09,4.0886288E+08,-1.04635923E+09,1663288,49.4697928383979,203.587839285714
2313723,77672,40.63,642.71,2108.6286764,631.77313,342,326,339,339,339,1.96,0.01,-0.08,4.08862688E+08,-1.04635859E+09,1664480,53.3805539932536,191.230825188917
2314120,77454,40.63,665.85,2184.547314,656.49316,337,338,339,339,339,1.79,-0.13,-0.11,4.08862624E+08,-1.04635731E+09,1668590,66.8648059617575,185.639489447236
2314319,77356,40.63,677.11,2221.4895724,667.4432,334,338,339,338,339,1.72,0.01,-0.1,4.08862336E+08,-1.04635686E+09,1672240,78.8398715785554,177.960715151515
2314517,77253,40.63,687.85,2256.725794,678.0832,334,334,339,339,339,1.58,-0.05,-0.05,4.08862176E+08,-1.04635629E+09,1675276,88.8005014998152,164.042
2314715,77163,40.63,697.75,2289.20611,688.2132,340,339,339,339,339,1.58,-0.04,0,4.08862144E+08,-1.04636627E+09,2368700,2363.8136248594,162.219311111111
2314913,77071,40.63,707.54,2321.3255336,698.02325,339,337,339,339,339,1.52,-0.06,0.01,4.08859808E+08,-1.04636582E+09,2382027,2407.53737814024,143.55756751269
2315110,76986,40.63,716.16,2349.6063744,707.1232,332,337,339,339,340,1.68,-0.02,-0.16,4.0885984E+08,-1.04636557E+09,2391842,2439.73882170979,153.871396
2315310,76902,40.63,725.54,2380.3806536,716.16327,341,340,339,339,340,1.13,0.03,0,4.08859808E+08,-1.04636538E+09,2401657,2471.94026527934,144.457393877551
2315506,76827,40.63,734.17,2408.6943028,724.94324,337,342,339,339,339,1.12,0.05,-0.01,4.08859776E+08,-1.04636512E+09,2411472,2504.1417088489,130.079535678392
2315705,76756,40.63,742.06,2434.5801304,733.21326,336,341,339,339,339,1.27,0.03,-0.15,4.08859744E+08,-1.04636486E+09,2421287,2536.34315241845,128.732511210762
2315928,76681,40.62,750.81,2463.2874804,741.5633,334,342,339,339,339,1.21,0.03,-0.18,4.08859712E+08,-1.04636467E+09,2431102,2568.544595988,117.71456080402
2316127,76609,40.63,757.95,2486.712678,749.3233,335,337,339,339,339,1.02,0.07,-0.09,4.0885968E+08,-1.04636442E+09,2440917,2600.74603955756,106.962079591837
2316323,76546,40.63,764.34,2507.6772456,756.3033,336,339,339,339,339,0.77,0.11,0.01,4.08859648E+08,-1.04636416E+09,2450732,2632.94748312711,102.061395465995
2316720,76440,40.63,776.69,2548.1956196,769.1233,337,341,339,339,339,0.96,0.01,-0.03,4.08859584E+08,-1.04636371E+09,2470362,2697.35037026622,93.9286172588832
2316917,76394,40.62,782.33,2566.6995572,774.7833,337,340,339,339,339,1.01,-0.01,-0.09,4.08859552E+08,-1.04636346E+09,2480177,2729.55181383577,84.5064848484848
2317115,76340,40.62,787.43,2583.4318412,780.0633,337,343,339,338,339,1.13,0,-0.17,4.0885952E+08,-1.04636326E+09,2489992,2761.75325740533,84.0818291457286
2317314,76290,40.62,792.53,2600.1641252,785.1333,340,342,339,339,339,1.08,-0.03,-0.22,4.08859488E+08,-1.04636301E+09,2499807,2793.95470097488,80.7815715555556
2317539,76249,40.62,798.07,2618.3399788,790.30334,338,344,339,339,340,1.23,0,-0.31,4.08859456E+08,-1.04636275E+09,2509622,2826.15614454443,68.6465994722955
2317918,76174,40.6,806,2644.35704,796.55334,335,340,339,339,339,1.34,0.01,-0.41,4.08859424E+08,-1.0463623E+09,2529252,2890.55903168354,37.9711431472081
2318115,76147,40.61,808.28,2651.8373552,801.4533,335,339,339,339,339,1.06,-0.08,-0.38,4.08859328E+08,-1.04636205E+09,2539067,2922.7604752531,67.1916032
2318365,76114,40.61,813.4,2668.635256,806.23334,334,342,339,339,339,0.8,-0.17,-0.31,4.08859296E+08,-1.04636186E+09,2548882,2954.96191882265,25.0596824120603
2318564,76094,40.61,814.92,2673.6221328,809.63336,335,341,339,339,339,0.46,-0.19,-0.22,4.08859264E+08,-1.0463616E+09,2558697,2987.1633623922,35.9408603015075
2318763,76074,40.61,817.1,2680.774364,812.32336,336,340,339,339,339,0.27,-0.21,-0.14,4.08859232E+08,-1.04636134E+09,2568512,3019.36480596176,27.0186823529412
2319358,76033,40.61,822,2696.85048,817.9733,339,334,339,339,339,0.7,-0.24,-0.17,4.08859136E+08,-1.04636064E+09,2597957,3115.96913667042,14.3433708542714
2319557,76025,40.61,822.87,2699.7048108,819.29333,339,332,339,339,339,0.92,-0.26,-0.19,4.08859104E+08,-1.04636045E+09,2607772,3148.17058023997,14.3433708542714
2319756,76019,40.61,823.74,2702.5591416,820.4133,336,328,339,339,339,0.84,-0.26,-0.17,4.08859072E+08,-1.04636019E+09,2617587,3180.37202380953,14.562912244898
2319952,76007,40.61,824.61,2705.4134724,821.4033,334,324,339,339,339,0.54,-0.25,-0.16,4.0885904E+08,-1.04635994E+09,2627402,3212.57346737908,-7.29075555555556
2320150,76017,40.61,824.17,2703.9699028,822.01337,329,320,339,339,339,0.41,-0.28,-0.18,4.08859008E+08,-1.04635974E+09,2637217,3244.77491094863,-7.08925226130653
2320349,76017,40.61,823.74,2702.5591416,822.36334,323,318,339,339,339,0.7,-0.29,-0.12,4.08858976E+08,-1.04635949E+09,2647032,3276.97635451819,-7.36515102040816
2320545,76025,40.61,823.3,2701.115572,822.5333,313,323,339,339,339,2.54,-0.16,0.07,4.08858944E+08,-1.04635923E+09,2656847,3309.17779808774,-10.7704343434343
2320743,76027,40.61,822.65,2698.983026,822.55334,302,335,339,339,339,1.81,0.11,0.12,4.08858912E+08,-1.04635904E+09,2666662,3341.3792416573,-9.60606306306306
2320965,76035,40.6,822,2696.85048,822.48334,298,322,339,339,339,0.56,0.33,-0.1,4.0885888E+08,-1.04635878E+09,2676477,3373.58068522685,-14.5082371859296
2321164,76049,40.61,821.12,2693.9633408,822.31335,306,315,339,339,339,-1.72,0.54,-0.37,4.08858848E+08,-1.04635814E+09,2499666,2793.49210254968,-12.220893982808
2321513,76059,40.59,819.82,2689.6982488,822.02325,320,316,339,339,339,-3.16,1.1,-0.09,4.08859072E+08,-1.0463577E+09,2497323,2785.80509467567,-58.891078
2321713,76092,40.59,816.23,2677.9200332,821.34326,316,330,339,339,339,2.63,1.78,0.33,4.08859008E+08,-1.0463575E+09,2495371,2779.4008952006,-36.3057421319797
2321910,76110,40.6,814.05,2670.767802,820.3833,327,358,339,339,339,4.63,1.59,-1.1,4.0885904E+08,-1.04635738E+09,2493131,2772.05181383577,-44.8588786729858
2322332,76161,40.61,808.28,2651.8373552,816.6734,357,270,339,338,338,4.85,-0.63,-1.85,4.08859072E+08,-1.04635712E+09,2487608,2753.93173509562,0
2322531,76163,40.6,808.28,2651.8373552,814.7633,280,365,339,340,340,5,-1.41,0.55,4.08859008E+08,-1.04635693E+09,2485867,2748.2197928384,-38.6907141414141
2322927,76206,40.61,803.61,2636.5158324,810.8233,311,245,339,339,337,5,-0.27,-1.27,4.08859008E+08,-1.04635674E+09,2480141,2729.43370359955,3.62705929648241
2323126,76228,40.61,803.83,2637.2376172,808.9534,457,332,339,336,339,5,0.58,0.29,4.0885904E+08,-1.04635661E+09,2477457,2720.62792932134,-81.4381096446701
2323323,76247,40.61,798.94,2621.1943096,806.2832,375,301,339,338,339,5,-0.87,-0.83,4.08859072E+08,-1.04635654E+09,2474817,2711.9665119985,-50.3724929292929
2323521,76283,40.62,795.9,2611.220556,803.3033,412,204,339,337,336,5,0.89,-1.48,4.08859104E+08,-1.04635642E+09,2472159,2703.24603955756,-48.4707015075377
2323720,76308,40.61,792.96,2601.5748864,800.1535,536,174,339,334,336,5,1.09,-0.05,4.08859136E+08,-1.04635635E+09,2469441,2694.32871672291,-43.3004263959391
2323917,76334,40.62,790.36,2593.0447024,797.0535,541,166,339,334,336,5,0.23,0.32,4.08859168E+08,-1.04635629E+09,2466839,2685.79197131609,-48.7962497461929
2324114,76353,40.62,787.43,2583.4318412,793.9535,536,150,339,334,335,5,-0.15,0.1,4.088592E+08,-1.04635622E+09,2463874,2676.06428102737,-50.3724929292929
2324312,76385,40.62,784.39,2573.4580876,790.8534,483,143,339,335,335,5,-0.09,-0.01,4.088592E+08,-1.04635616E+09,2461014,2666.68107892764,-55.9574741116751
2324509,76420,40.61,781.03,2562.4344652,787.6533,515,190,339,334,337,5,0.64,-0.26,4.08859232E+08,-1.0463561E+09,2458171,2657.35365110611,-21.7065676767677
2324707,76434,40.61,779.72,2558.1365648,785.05334,587,255,339,332,337,5,0.89,-0.75,4.08859264E+08,-1.04635603E+09,2455341,2648.06887420323,-52.0294828282828
2324905,76457,40.61,776.58,2547.8347272,782.3835,668,190,339,331,336,5,0.65,-1.4,4.08859264E+08,-1.04635597E+09,2452472,2638.65614454443,-18.9559644444444
2325130,76473,40.61,775.28,2543.5696352,780.1835,612,99,339,333,334,5,-0.29,-1.48,4.08859264E+08,-1.0463559E+09,2449642,2629.37136764155,-50.6281908629442
2325327,76503,40.6,772.24,2533.5958816,777.8234,669,144,339,331,335,5,0.53,-0.54,4.08859264E+08,-1.0463559E+09,2446665,2619.60430727409,-55.5091616161616
2325525,76532,40.6,768.89,2522.6050676,775.19366,677,68,338,329,333,5,0.13,-1.77,4.08859264E+08,-1.04635584E+09,2443764,2610.08659073866,-61.1429272727273
2325723,76566,40.6,765.2,2510.498768,772.20337,618,101,339,332,334,5,-0.43,-0.52,4.08859232E+08,-1.04635584E+09,2440914,2600.73619703787,-63.1186984771574
2325920,76591,40.6,761.41,2498.0643844,768.84344,672,203,339,331,337,5,0.84,-0.98,4.08859232E+08,-1.04635584E+09,2438042,2591.3136248594,-42.9160383838384
2326118,76615,40.61,758.82,2489.5670088,765.58356,675,139,339,331,335,5,-0.06,-1.66,4.088592E+08,-1.0463559E+09,2435129,2581.75653824522,-58.8572804020101
2326317,76660,40.6,755.25,2477.85441,762.18384,446,284,339,334,334,5,-0.5,-1.12,4.08859168E+08,-1.0463559E+09,2432456,2572.98685320585,-501.951865989848
2326514,76752,40.6,725.11,2378.9698924,749.7833,508,222,339,334,337,5,-0.24,-0.36,4.08859136E+08,-1.04635597E+09,2429549,2563.44945163105,375.492138
2326714,76732,40.59,748,2454.06832,748.9134,430,315,339,337,338,5,1.01,-1.48,4.08859104E+08,-1.04635597E+09,2426727,2554.19092144732,-30.4886141414141
2326912,76738,40.58,746.16,2448.0315744,747.95337,394,249,339,338,337,5,0.69,-1.45,4.08859072E+08,-1.04635603E+09,2423773,2544.49932039745,-64.7840994923858
2327109,76774,40.58,742.27,2435.2691068,746.3434,275,310,339,340,339,5,-2.04,-1.42,4.08859072E+08,-1.0463561E+09,2420822,2534.81756186727,-31.9840683417085
2327308,76788,40.57,740.33,2428.9042772,744.723,394,243,339,337,337,2.94,-1.99,0.86,4.0885904E+08,-1.04635622E+09,2418204,2526.22832302212,-48.8594763209393
2328330,76933,40.56,725.11,2378.9698924,731.39276,289,311,340,339,339,-11.36,-0.92,-1.57,4.08859008E+08,-1.04635693E+09,2407101,2489.80115766779,-10.8803367346939
2328526,76943,40.57,724.46,2376.8373464,729.1929,480,336,340,336,339,8.01,1.62,-2.69,4.08859008E+08,-1.04635706E+09,2405760,2485.40155136858,-35.7909818181818
2328724,76955,40.58,722.3,2369.750732,727.13293,341,322,340,339,339,21.98,-0.88,-0.35,4.08859008E+08,-1.04635718E+09,2403707,2478.66598706412,-31.1555838790932
2329518,77029,40.57,714.76,2345.0131984,719.2824,436,342,341,337,339,-5.54,-2.78,0.31,4.08859104E+08,-1.04635757E+09,2396848,2456.16270622422,-21.7606734693878
2329714,77039,40.57,713.46,2340.7481064,717.73267,353,336,340,339,339,15.61,0.22,0.4,4.08859104E+08,-1.04635763E+09,2395863,2452.93107892764,-17.552494
2329914,77049,40.57,712.39,2337.2376076,716.3525,326,406,340,339,341,12.61,-0.37,-0.9,4.08859136E+08,-1.0463577E+09,2394021,2446.88777184102,-19.6629468013468
2330508,77082,40.56,708.83,2325.5578172,712.92255,475,349,340,335,340,6.48,2.79,2.74,4.08859232E+08,-1.04635776E+09,2390381,2434.94551462317,-10.6585664974619
2330705,77086,40.56,708.19,2323.4580796,711.87305,352,284,339,338,338,-19.77,-0.83,3.25,4.08859264E+08,-1.04635782E+09,2389093,2430.7197928384,-15.889269955157
2330928,77094,40.55,707.11,2319.9147724,710.8429,332,346,340,339,340,-18.39,0.34,1.17,4.08859296E+08,-1.04635789E+09,2387958,2426.99603955756,-21.4836730964467
2331125,77106,40.54,705.82,2315.6824888,709.7829,414,329,340,337,339,0.38,0.28,-1.09,4.08859328E+08,-1.04635795E+09,2386783,2423.14105268092,-19.5898832282472
2332711,77196,40.55,696.35,2284.612934,700.7127,333,370,340,339,340,0.8,-0.56,0.16,4.08859712E+08,-1.04635866E+09,2377009,2391.07412354706,-18.3412129246852
2336920,77423,40.51,672.82,2207.4147688,676.5727,338,348,340,339,340,5.5,-0.37,0.01,4.08860736E+08,-1.04635974E+09,2351508,2307.40942538433,-30.1705386934673
2337119,77432,40.51,670.99,2201.4108316,675.4027,354,368,340,338,340,6.38,0.92,-0.13,4.088608E+08,-1.04635981E+09,2350406,2303.79393982003,-10.6585664974619
2337316,77444,40.52,670.35,2199.311094,674.33264,352,353,340,338,339,8.9,0.55,-1.17,4.08860832E+08,-1.04635987E+09,2349328,2300.2571944132,-15.6718696428571
2337540,77452,40.51,669.28,2195.8005952,673.2727,309,331,340,339,339,3.44,-0.32,-1.69,4.08860864E+08,-1.04635987E+09,2348289,2296.84840176228,-13.1757138297872
2337916,77470,40.49,667.77,2190.8465268,672.1228,308,345,340,339,340,-3.4,0.11,-1.03,4.08860896E+08,-1.04636006E+09,2346279,2290.25391357331,-21.1028904522613
2338115,77476,40.5,666.49,2186.6470516,670.93274,327,349,340,339,339,1.97,-0.15,0.98,4.08861024E+08,-1.04636013E+09,2345354,2287.21913667042,-15.9920341708543
2338314,77485,40.51,665.52,2183.4646368,669.7826,364,338,340,338,339,-1,0.44,1.26,4.08861088E+08,-1.04636026E+09,2344273,2283.67254874391,-17.8197908629442
2338708,77509,40.51,663.38,2176.4436392,667.47266,354,321,341,339,339,-16.93,0.21,-0.36,4.08861216E+08,-1.04636045E+09,2342127,2276.63186632921,-19.4199762572135
2339921,77568,40.49,656.2,2152.887208,660.7227,297,329,340,340,339,0.25,1.24,-0.8,4.08861632E+08,-1.04636096E+09,2335520,2254.95535714286,-14.2501131313131
2340119,77586,40.5,655.34,2150.0656856,659.5626,347,375,340,339,340,7.96,0.43,-0.25,4.08861696E+08,-1.04636102E+09,2334318,2251.01178758905,-20.997376
2340319,77590,40.5,654.06,2145.8662104,658.3826,315,320,340,339,339,5.54,1.56,-1.01,4.0886176E+08,-1.04636115E+09,2333108,2247.04197131609,-16.9870903553299
2340713,77609,40.5,652.02,2139.1732968,656.08264,343,330,340,338,339,-2.04,0.28,0.4,4.08861888E+08,-1.04636128E+09,2330916,2239.85037026622,-21.2677567839196
2340912,77619,40.49,650.73,2134.9410132,654.93274,340,344,340,339,339,-1.99,-0.65,0.22,4.08861952E+08,-1.04636141E+09,2330071,2237.07806055493,-17.1736584830339
2342916,77719,40.48,640.24,2100.5250016,644.52264,337,331,340,339,339,6.45,0.87,0.16,4.08862688E+08,-1.04636224E+09,2319570,2202.6259608174,-15.3547730639731
2343510,77749,40.48,637.46,2091.4042664,641.3027,357,332,340,338,339,-3,0.27,0.44,4.08862912E+08,-1.0463625E+09,2316256,2191.75325740533,-15.5053397260274
2345116,77822,40.46,629.87,2066.5026908,633.6526,352,319,340,339,339,-4.67,0.21,0.32,4.08863552E+08,-1.04636333E+09,2307954,2164.51572459693,-22.8664606060606
2345314,77833,40.46,628.49,2061.9751316,632.6527,362,316,340,338,339,-12.48,-0.38,0.1,4.08863648E+08,-1.04636339E+09,2306892,2161.03147262842,-14.123549078727
2345911,77853,40.44,625.92,2053.5433728,629.81274,363,350,340,338,339,3.22,-0.34,-0.64,4.08863936E+08,-1.04636371E+09,2303665,2150.44420228722,-18.1796171571072
2347916,77957,40.43,614.81,2017.0932404,619.1327,364,348,340,338,340,6.25,0.31,-0.64,4.08864832E+08,-1.04636474E+09,2292533,2113.92189257593,-14.9957585858586
2348708,77991,40.42,611.19,2005.2165996,614.88257,348,317,340,339,339,-0.23,0.51,0.46,4.08865184E+08,-1.04636506E+09,2287943,2098.86283745782,-17.2061831111111
2348933,78002,40.42,610.01,2001.3452084,613.8827,344,329,340,338,339,2.47,0,0.22,4.0886528E+08,-1.04636512E+09,2286912,2095.48029152606,-16.6217623342175
2349310,78020,40.39,608.1,1995.078804,612.7027,313,344,340,340,340,0.98,-0.32,-0.49,4.08865376E+08,-1.04636531E+09,2284857,2088.73816554181,-17.6851324937028
2349707,78040,40.41,605.96,1988.0578064,610.3325,344,348,341,338,340,3.57,0.53,-0.12,4.08865664E+08,-1.0463655E+09,2282831,2082.09118391451,-12.5617747747748
2349929,78050,40.4,605.11,1985.2690924,609.22266,343,350,340,339,340,6.27,0.35,-0.77,4.0886576E+08,-1.04636557E+09,2281876,2078.95798181478,-10.6585664974619
2350126,78058,40.41,604.47,1983.1693548,608.2127,319,350,340,339,339,1.84,-0.43,-0.92,4.08865824E+08,-1.04636563E+09,2280917,2075.81165635546,-15.9878497461929
2350323,78061,40.41,603.51,1980.0197484,607.22284,304,356,340,339,339,-3.01,-0.42,-0.44,4.0886592E+08,-1.0463657E+09,2280086,2073.0852784027,-10.5514452261307
2350522,78075,40.4,602.87,1977.9200108,606.3327,332,362,340,339,340,1.06,-0.15,0.34,4.08866016E+08,-1.04636576E+09,2279182,2070.11939913761,-14.1672636363636
2350918,78085,40.4,601.16,1972.3097744,604.5826,401,319,341,337,339,-7.85,0.19,0.82,4.08866208E+08,-1.04636589E+09,2277386,2064.22701068617,-20.938024120603
2351117,78099,40.39,599.89,1968.1431076,603.6726,359,332,340,338,339,-18.28,-0.12,0,4.08866272E+08,-1.04636595E+09,2276477,2061.2447272216,-7.08925226130653
2351316,78103,40.38,599.46,1966.7323464,602.8527,356,356,340,338,340,-10.95,-0.2,1.2,4.08866368E+08,-1.04636602E+09,2275637,2058.48882170979,-10.6047353535354
2351514,78109,40.38,598.82,1964.6326088,602.0828,372,306,340,338,339,6.25,-0.18,0.24,4.08866432E+08,-1.04636614E+09,2274787,2055.70010779903,-15.0337225316456
2351909,78124,40.39,597.01,1958.6942884,600.5027,363,307,340,338,339,10.23,-0.85,1.16,4.08866624E+08,-1.04636634E+09,2272972,2049.74538338958,-11.6115239904988
2352330,78140,40.38,595.52,1953.8058368,598.90265,359,347,340,338,340,8.22,-0.52,-0.19,4.08866784E+08,-1.04636653E+09,2271016,2043.32806055493,-17.7297919191919
2352528,78148,40.38,594.45,1950.295338,598.09265,323,320,340,339,339,-13.4,-0.39,0.52,4.0886688E+08,-1.04636659E+09,2270164,2040.53278496438,-14.0844141414141
2352726,78156,40.38,593.6,1947.506624,597.2727,342,338,340,339,339,-7.98,-0.19,0.31,4.08866976E+08,-1.04636672E+09,2269284,2037.64564585677,-6.99468426395939
2352923,78172,40.38,593.18,1946.1286712,596.5228,343,314,340,338,339,5.5,-0.11,0.13,4.08867072E+08,-1.04636678E+09,2268573,2035.31296869142,-15.642823628692
2354108,78217,40.37,587.53,1927.5919252,591.2027,365,326,340,338,339,-3.63,0.99,0.44,4.0886752E+08,-1.04636704E+09,2262739,2016.17254874391,-12.9179696869852
2355322,78266,40.36,582.75,1911.90951,586.0527,325,329,340,339,339,-1.8,0.63,-0.88,4.08868064E+08,-1.04636742E+09,2257425,1998.73816554181,-28.3345272727273
2355520,78274,40.36,581.04,1906.2992736,585.1127,338,342,340,339,339,2.39,0.19,-0.55,4.0886816E+08,-1.04636742E+09,2256445,1995.5229424447,-14.0136381909548
2355719,78282,40.36,580.19,1903.5105596,584.18274,326,337,340,339,340,4.23,0.15,-0.4,4.08868256E+08,-1.04636749E+09,2255542,1992.5603440195,-14.3406143312102
2359487,78435,40.26,563.72,1849.4751248,574.6227,343,353,340,339,340,-0.09,-0.16,-0.24,4.08869024E+08,-1.046368E+09,2248464,1969.3385592426,-12.3097539452496
2360108,78461,40.3,561.39,1841.8307676,566.96265,339,348,340,339,340,0.21,0.15,-0.21,4.08870272E+08,-1.0463687E+09,2235878,1928.04590832396,-17.7297919191919
2360306,78465,40.3,560.32,1838.3202688,565.0426,336,350,340,339,339,-1,0.08,-0.18,4.08870336E+08,-1.04636877E+09,2235043,1925.30640701163,-6.92438592964824
2360505,78471,40.31,559.9,1836.942316,563.6127,326,339,340,339,339,-2.31,0.24,-0.25,4.088704E+08,-1.04636877E+09,2234201,1922.54393982003,-10.8384892857143
2360729,78478,40.3,559.16,1834.5144944,562.4527,320,324,340,339,339,-0.47,0.47,-0.2,4.08870496E+08,-1.04636883E+09,2233360,1919.78475346832,-15.008658105939
2365713,78699,40.27,536.36,1759.7113424,540.44257,324,336,340,339,339,-1.53,0.66,-0.43,4.08872064E+08,-1.04637005E+09,2209697,1842.15023903262,-15.0808281071836
2372729,79005,40.18,504.11,1653.9042524,511.0327,347,345,340,338,340,0.67,0.01,-0.19,4.0887536E+08,-1.04637171E+09,2176091,1731.89433352081,-6.95935757575758
2372927,79013,40.19,503.69,1652.5262996,509.1327,353,359,340,338,340,0.76,-0.31,-0.38,4.08875488E+08,-1.04637178E+09,2175085,1728.59380858643,-19.1244944723618
2373126,79029,40.19,502.53,1648.7205252,507.4027,332,358,340,339,340,-0.37,-0.17,-0.83,4.08875584E+08,-1.04637184E+09,2174020,1725.09971409824,-21.150592893401
2373323,79033,40.2,501.26,1644.5538584,505.8126,331,339,340,339,339,-0.3,0.46,-0.82,4.08875712E+08,-1.0463719E+09,2172933,1721.53344113236,-17.4867106598985
2373520,79039,40.2,500.21,1641.1089764,504.39267,323,334,340,339,339,-0.38,0.52,-0.37,4.08875808E+08,-1.04637197E+09,2171902,1718.1508952006,-17.4758311557789
2373719,79049,40.2,499.15,1637.631286,503.10263,321,362,340,339,340,0.63,-0.17,-0.17,4.08875936E+08,-1.04637203E+09,2170850,1714.69945163105,-17.5759285714286
2373915,79059,40.2,498.1,1634.186404,501.91272,348,371,340,339,340,3.2,-0.2,0.33,4.08876032E+08,-1.04637203E+09,2169811,1711.29065898013,-12.957661010101
2374905,79092,40.19,494.19,1621.3583196,497.31274,325,357,340,339,340,-6.82,-0.34,-0.89,4.08876544E+08,-1.04637222E+09,2165169,1696.06100018748,-6.151575
2375129,79102,40.19,493.77,1619.9803668,496.62268,361,320,340,338,339,-0.41,1.74,-1.11,4.0887664E+08,-1.04637222E+09,2164460,1693.73488470191,-14.0232475428571
2376879,79169,40.11,486.29,1595.4396836,493.0226,345,358,340,339,340,-7.51,0.15,0.47,4.08876992E+08,-1.04637235E+09,2161837,1685.1292416573,-8.30092048192771
2377128,79175,40.12,485.66,1593.3727544,491.5427,337,341,340,339,339,-5.96,-0.44,-0.18,4.08877536E+08,-1.04637242E+09,2156316,1667.01572459693,-9.97552702702703
2377720,79194,40.15,483.86,1587.4672424,487.82263,324,336,340,339,339,1.39,0.6,0,4.08877728E+08,-1.04637242E+09,2154493,1661.03475346832,-17.3109648241206
2377919,79204,40.15,482.81,1584.0223604,486.72275,333,342,340,339,339,2.79,0.48,0.05,4.08877792E+08,-1.04637242E+09,2153902,1659.09577709037,-10.3865788944724
2378118,79208,40.15,482.18,1581.9554312,485.7527,347,349,340,338,340,3.84,0.3,0.29,4.08877856E+08,-1.04637242E+09,2153310,1657.15351987252,-11.3503808080808
2378910,79236,40.14,479.44,1572.9659296,482.49268,342,343,340,339,340,1.63,-0.09,-0.67,4.08878112E+08,-1.04637242E+09,2150545,1648.08199756281,-10.334646
2379110,79242,40.15,478.81,1570.8990004,481.80267,368,337,340,338,340,1.94,-0.29,-1.03,4.08878176E+08,-1.04637242E+09,2149708,1645.33593457068,-11.7914733705773
2380721,79299,40.13,473.02,1551.9029368,476.51276,348,335,340,338,340,4.3,0.24,-0.02,4.08878624E+08,-1.04637242E+09,2144335,1627.70798181478,-14.1559086294416
2380918,79306,40.13,472.17,1549.1142228,475.7726,353,350,340,338,339,2,-0.32,-0.2,4.08878688E+08,-1.04637242E+09,2143603,1625.30640701163,-8.61634747474747
2381116,79310,40.13,471.65,1547.408186,475.0627,323,358,340,339,340,-1.8,-0.69,-0.48,4.0887872E+08,-1.04637242E+09,2142849,1622.83265373079,-13.779528
2381316,79316,40.13,470.81,1544.6522804,474.33276,319,358,340,339,340,-1.12,-0.11,-0.68,4.08878752E+08,-1.04637242E+09,2142112,1620.41467472816,-6.99468426395939
2381513,79322,40.13,470.39,1543.2743276,473.65274,334,346,340,339,340,2.29,0.35,-0.17,4.08878784E+08,-1.04637242E+09,2141369,1617.97701068617,-14.0844141414141
2381711,79326,40.13,469.54,1540.4856136,472.94272,338,335,340,339,339,1.75,0.56,0.09,4.08878848E+08,-1.04637248E+09,2140536,1615.24407105362,-10.334646
2381911,79336,40.13,468.91,1538.4186844,472.25262,335,342,340,339,339,-1.25,0.14,0.24,4.0887888E+08,-1.04637248E+09,2139706,1612.52097394076,-24.3577515151515
2382109,79348,40.13,467.44,1533.5958496,471.42273,331,357,340,339,340,-0.97,-0.35,0.09,4.08878912E+08,-1.04637254E+09,2138850,1609.71257499063,-10.3865788944724
2382308,79356,40.12,466.81,1531.5289204,470.61267,343,351,340,339,339,1.28,-0.13,0.1,4.08878944E+08,-1.04637254E+09,2138016,1606.97635451819,-12.2001085427136
2382507,79363,40.12,466.07,1529.1010988,469.8027,346,335,340,339,339,1.77,0.35,0.08,4.08879008E+08,-1.04637254E+09,2137126,1604.05640701163,-15.4479013452915
2382730,79371,40.12,465.02,1525.6562168,468.94263,351,344,340,339,339,-1.19,0.03,-0.05,4.0887904E+08,-1.04637261E+09,2136301,1601.34971409824,-14.0607428571429
2382926,79381,40.12,464.18,1522.9003112,468.07266,339,353,340,339,340,-1.53,-0.36,-0.58,4.08879072E+08,-1.04637261E+09,2135484,1598.66926790401,-13.0737129886507
2383719,79409,40.12,461.02,1512.5328568,464.7126,351,365,340,339,340,-0.39,0.07,-0.02,4.08879232E+08,-1.04637274E+09,2132102,1587.57346737908,-11.81519582198
2388123,79560,40.09,445.16,1460.4987344,448.43262,329,378,340,339,340,7.17,0.57,-2.74,4.08880768E+08,-1.04637389E+09,2115545,1533.25260123735,-6.95935757575758
2388321,79562,40.09,444.74,1459.1207816,447.82272,305,335,340,339,339,-3.72,0.2,-1.97,4.08880832E+08,-1.04637395E+09,2114790,1530.77556711661,-3.4973421319797
2388518,79570,40.09,444.53,1458.4318052,447.2827,300,327,340,340,339,-2.99,1.04,-0.21,4.08880864E+08,-1.04637402E+09,2114112,1528.55115766779,-17.3109648241206
2388717,79580,40.08,443.48,1454.9869232,446.66272,306,347,340,339,340,1.67,0.51,0.46,4.08880896E+08,-1.04637414E+09,2113426,1526.30050149982,-7.76723800524934
2392527,79660,40.05,434.46,1425.3937464,437.0228,330,305,340,339,338,-5.52,1.54,-0.28,4.08881696E+08,-1.0463767E+09,2103976,1495.29656449194,-10.4390363636364
2392725,79670,40.06,433.83,1423.3268172,436.58267,388,349,340,338,340,-1.54,0.12,1.65,4.0888176E+08,-1.04637683E+09,2103459,1493.60037026622,-3.46219296482412
2392924,79668,40.05,433.62,1422.6378408,436.17282,334,366,340,339,340,-5.11,-1.52,0.6,4.08881824E+08,-1.04637696E+09,2102953,1491.94026527934,-13.9893685279188
2393121,79680,40.04,432.78,1419.8819352,435.70276,337,338,340,339,339,0.83,0.25,-0.99,4.08881856E+08,-1.04637709E+09,2102471,1490.35890044995,-10.3301007556675
2393518,79690,40.04,431.53,1415.7808852,434.66272,349,341,340,338,340,7.28,-0.6,-0.36,4.08881952E+08,-1.04637734E+09,2101300,1486.51703693289,-10.4390363636364
2393716,79704,40.04,430.9,1413.713956,434.12277,322,328,340,339,339,8.56,0.8,0.27,4.08881984E+08,-1.04637747E+09,2100632,1484.32543588302,-13.9187151515152
2393914,79708,40.05,430.06,1410.9580504,433.5227,316,326,340,339,339,2.95,0.42,-0.23,4.08882048E+08,-1.0463776E+09,2099933,1482.0321287964,-13.0593236710963
2398730,79887,39.95,410.89,1348.0643476,418.26273,358,327,340,338,339,1.3,0.41,-0.28,4.08882944E+08,-1.04638016E+09,2080311,1417.65548837646,-6.82814416243655
2398927,79893,39.97,410.48,1346.7192032,416.65262,339,345,341,339,339,-1.2,0.02,0.17,4.08883488E+08,-1.04638029E+09,2079446,1414.81756186727,-13.9187151515152
2399125,79899,39.99,409.64,1343.9632976,415.07266,315,364,340,339,340,-1.7,-0.32,-0.67,4.08883584E+08,-1.04638042E+09,2078581,1411.97963535808,-13.2559191919192
2399719,79922,40,407.24,1336.0892816,411.05273,330,319,340,339,339,-0.74,0.55,-0.43,4.0888384E+08,-1.04638074E+09,2076060,1403.70863798275,-6.92438592964824
2399918,79932,39.99,406.82,1334.7113288,410.09262,330,348,340,339,340,-2.33,-0.36,0.09,4.08883904E+08,-1.04638086E+09,2075151,1400.72635451819,-20.9840527918782
2400115,79938,40,405.56,1330.5774704,409.1127,333,377,340,339,340,-1.15,-0.94,0.01,4.08884E+08,-1.04638099E+09,2074275,1397.85233877016,-17.3109648241206
2400314,79948,39.99,404.51,1327.1325884,408.14264,347,354,340,339,340,-0.18,-0.18,0.25,4.08884064E+08,-1.04638112E+09,2073442,1395.11939913761,-17.2326949494949
2400512,79960,39.99,403.47,1323.7205148,407.1827,354,341,340,338,339,-1.95,0.6,0.26,4.08884128E+08,-1.04638125E+09,2072641,1392.49144638171,-13.0638436281179
2402717,80046,39.98,394.69,1294.9147396,398.43265,327,341,340,339,339,-3.51,-0.3,0.76,4.08884768E+08,-1.04638253E+09,2063416,1362.22569835021,-14.1396471380471
2403905,80093,39.97,389.57,1278.1168388,393.13272,352,352,340,338,340,5.78,-0.74,0.01,4.08885184E+08,-1.04638323E+09,2058219,1345.17517341583,-12.1566839285714
2404129,80103,39.97,388.74,1275.3937416,392.3027,327,326,340,339,339,-1.82,-0.13,-0.32,4.08885248E+08,-1.04638336E+09,2057265,1342.04525215598,-13.9893685279188
2404326,80111,39.97,387.9,1272.637836,391.48267,327,339,340,339,339,-0.81,0.35,-0.61,4.08885344E+08,-1.04638349E+09,2056356,1339.06296869142,-17.1460984924623
2404525,80119,39.97,386.86,1269.2257624,390.62268,343,352,340,339,339,4.13,-0.02,-0.34,4.0888544E+08,-1.04638362E+09,2055363,1335.80509467567,-17.3201705583756
2404722,80129,39.97,385.82,1265.8136888,389.72263,328,337,340,339,339,1.14,0.26,-0.23,4.08885504E+08,-1.04638374E+09,2054398,1332.63908417698,-6.95935757575758
2404920,80141,39.97,385.4,1264.435736,388.9027,317,326,340,339,339,-1.44,0.42,-0.27,4.088856E+08,-1.04638387E+09,2053434,1329.47635451819,-14.9098902834008
2405908,80178,39.97,380.91,1249.7047644,384.58267,322,340,340,339,340,-2.19,-0.46,-0.35,4.08886048E+08,-1.04638451E+09,2048786,1314.22701068617,-15.5017035598706
2406526,80204,39.96,377.99,1240.1247116,381.97266,333,337,340,339,339,0.63,0.04,-0.16,4.08886336E+08,-1.0463849E+09,2045980,1305.02097394076,-24.1920525252525
2406724,80218,39.95,376.53,1235.3346852,380.9427,331,350,340,339,340,-0.58,-0.31,-0.26,4.08886432E+08,-1.04638502E+09,2045051,1301.97307367829,-8.57304924623116
2406923,80227,39.95,376.01,1233.6286484,379.9827,342,360,340,339,340,0.85,-0.39,-0.23,4.08886496E+08,-1.04638515E+09,2044116,1298.90548837646,-17.3201705583756
2407120,80231,39.95,374.97,1230.2165748,379.00266,338,345,340,339,340,1.65,0.08,-0.22,4.08886592E+08,-1.04638528E+09,2043147,1295.72635451819,-13.9187151515152
2407318,80243,39.95,374.13,1227.4606692,378.04272,325,335,340,339,339,-1.71,0.3,-0.27,4.08886688E+08,-1.04638547E+09,2042203,1292.6292416573,-13.7530161616162
2407516,80249,39.95,373.3,1224.737572,377.10266,331,355,340,339,340,-0.32,0.04,-0.2,4.08886752E+08,-1.0463856E+09,2041273,1289.57806055493,-13.8228284263959
2407713,80253,39.95,372.47,1222.0144748,376.1927,348,365,340,339,340,1.59,-0.16,0.12,4.08886848E+08,-1.04638573E+09,2040339,1286.51375609299,-13.779528
2407913,80265,39.95,371.63,1219.2585692,375.3027,342,355,340,339,340,-0.52,0.2,0.05,4.08886912E+08,-1.04638592E+09,2039331,1283.20666947882,-13.6839055276382
2408112,80275,39.94,370.8,1216.535472,374.42264,332,335,340,339,339,-1.43,0.58,-0.19,4.08886976E+08,-1.04638605E+09,2038285,1279.77491094863,-12.1574274111675
2408309,80280,39.94,370.07,1214.1404588,373.58264,331,324,340,339,339,-0.86,0.49,-0.16,4.08887072E+08,-1.04638618E+09,2037303,1276.55312617173,-21.2890062222222
2408534,80294,39.93,368.61,1209.3504324,372.64267,337,340,340,339,339,0.5,-0.22,-0.04,4.08887136E+08,-1.04638637E+09,2036433,1273.69879546307,-10.5455571428571
2408730,80300,39.94,367.98,1207.2835032,371.74274,344,355,340,338,340,0.12,-0.85,0.1,4.088872E+08,-1.0463865E+09,2035560,1270.83462223472,-17.2326949494949
2408928,80308,39.94,366.94,1203.8714296,370.82275,356,349,340,338,340,2,-0.37,0.01,4.08887264E+08,-1.04638662E+09,2034832,1268.44617079115,-13.8228284263959
2409125,80316,39.94,366.11,1201.1483324,369.91272,339,339,340,339,339,1.64,0.12,-0.45,4.08887328E+08,-1.04638682E+09,2033930,1265.48685320585,-15.5364715365239
2409522,80332,39.93,364.23,1194.9803532,368.13272,359,347,340,338,340,3.06,-0.12,-0.07,4.08887424E+08,-1.04638714E+09,2032007,1259.17779808774,-8.66008527918782
2409719,80339,39.94,363.71,1193.2743164,367.2827,356,354,340,339,340,-0.75,-0.06,0.01,4.08887488E+08,-1.04638726E+09,2031107,1256.22504218223,-17.3201705583756
2409916,80353,39.93,362.67,1189.8622428,366.4029,351,358,340,339,340,-3.6,0.26,-0.31,4.08887552E+08,-1.04638746E+09,2030117,1252.97701068617,-17.317817123857
2411119,80410,39.87,356.32,1169.0289088,364.48267,335,352,340,339,340,-4.28,0.32,0.13,4.08887616E+08,-1.04638746E+09,2024016,1232.96060648669,-17.1460984924623
2411318,80422,39.89,355.28,1165.6168352,362.42273,337,337,340,339,340,0.63,0.43,-0.16,4.08887936E+08,-1.04638835E+09,2022934,1229.41073772029,-13.8933530612245
2411514,80430,39.9,354.45,1162.893738,360.45267,344,334,340,339,339,0.53,0.32,-0.18,4.08888E+08,-1.04638848E+09,2021848,1225.8477455943,-20.7123737373737
2411712,80436,39.91,353.2,1158.792688,358.58267,342,345,340,339,340,-0.9,-0.12,-0.28,4.08888064E+08,-1.04638861E+09,2020780,1222.34380858643,-10.2733373737374
2411910,80449,39.91,352.58,1156.7585672,357.02264,328,352,340,339,339,-1.06,-0.25,-0.65,4.08888096E+08,-1.0463888E+09,2019503,1218.1541760405,-18.5810606635071
2412332,80469,39.91,350.19,1148.9173596,354.27274,323,335,340,339,339,-0.1,0.24,-0.44,4.08888224E+08,-1.04638906E+09,2017346,1211.07740438695,-10.5455571428571
2412528,80479,39.91,349.56,1146.8504304,353.14273,320,342,340,339,340,-0.1,-0.09,-0.22,4.08888288E+08,-1.04638918E+09,2016147,1207.14367735283,-27.5060323232323
2412726,80491,39.91,347.9,1141.404236,351.94272,328,360,340,339,340,1.07,-0.32,0.11,4.08888352E+08,-1.04638938E+09,2015024,1203.45929415073,-15.6151372151899
2413121,80509,39.91,346.02,1135.2362568,349.7927,317,330,340,339,339,-2.57,0.33,0.01,4.08888512E+08,-1.04638963E+09,2012689,1195.79853299588,-15.4652390572391
2413715,80540,39.91,343.22,1126.0499048,346.91266,319,341,340,339,340,1.36,0.25,-0.43,4.08888768E+08,-1.04639002E+09,2009436,1185.1259608174,-17.5407636902557
2419113,80816,39.87,314.36,1031.3648624,318.2628,323,318,340,339,339,0.92,0.74,-0.08,4.08891136E+08,-1.04639296E+09,1979841,1088.02950412449,-17.1536304568528
2419310,80826,39.87,313.33,1027.9855972,317.29263,334,333,340,339,339,-0.7,-0.27,0.43,4.08891232E+08,-1.04639302E+09,1978772,1084.52228627672,-14.5949132352941
2420126,80863,39.87,309.7,1016.076148,313.57266,333,329,340,339,339,-0.93,-0.24,-0.84,4.0889152E+08,-1.04639334E+09,1974615,1070.88383483315,-14.8078181208054
2420722,80889,39.87,307.01,1007.2506884,310.79276,353,353,340,338,340,-0.97,-0.74,-0.43,4.08891776E+08,-1.04639354E+09,1971346,1060.15876921635,-22.3693636363636
2420920,80900,39.86,305.66,1002.8215544,309.79276,343,347,340,339,340,0.78,-0.03,-1.42,4.0889184E+08,-1.0463936E+09,1970312,1056.76638076491,-10.2733373737374
2421118,80910,39.87,305.04,1000.7874336,308.8527,358,352,341,338,340,6.49,-0.14,-1.46,4.08891904E+08,-1.0463936E+09,1969275,1053.36414979378,-24.0263535353535
2421316,80920,39.86,303.59,996.0302156,307.81274,350,354,340,339,339,8.69,-0.51,-0.66,4.08891968E+08,-1.04639366E+09,1968117,1049.56493719535,-17.1460984924623
2421515,80928,39.87,302.55,992.618142,306.76263,332,334,340,339,339,1.64,-0.17,-0.38,4.08892032E+08,-1.04639366E+09,1966965,1045.7854096363,-17.1536304568528
2421712,80936,39.86,301.52,989.2388768,305.7027,340,325,340,339,339,-2.35,0.04,-0.34,4.08892096E+08,-1.04639373E+09,1965797,1041.95338863892,-15.4100060606061
2421910,80949,39.86,300.59,986.1876956,304.66272,348,333,340,339,339,-1.99,-0.23,-0.17,4.0889216E+08,-1.04639373E+09,1964646,1038.17714191976,-21.2375803571429
2422134,80969,39.86,299.14,981.4304776,303.5327,356,335,340,338,339,1.09,-0.28,-0.45,4.08892192E+08,-1.04639373E+09,1963492,1034.39105268092,-24.0263535353535
2422332,80975,39.86,297.69,976.6732596,302.32275,346,348,340,339,340,5.83,-0.31,-0.85,4.08892224E+08,-1.04639373E+09,1962319,1030.54262748407,-20.4434251256281
2422531,80993,39.86,296.45,972.605018,301.0827,355,367,340,338,340,5.21,-0.6,-0.59,4.08892288E+08,-1.04639379E+09,1961071,1026.44813929509,-20.5986916455696
2422926,81013,39.85,293.97,964.4685348,298.53278,332,342,340,339,339,-2.16,0.47,-0.5,4.08892384E+08,-1.04639379E+09,1958653,1018.51506842895,-17.2326949494949
2423124,81023,39.85,292.93,961.0564612,297.2927,357,342,340,338,340,-3.16,0.51,0.51,4.08892416E+08,-1.04639379E+09,1957406,1014.42386107987,-22.2036646464646
2423322,81036,39.85,291.59,956.6601356,296.03265,328,335,340,339,339,-8.82,-0.44,0.49,4.08892448E+08,-1.04639386E+09,1956196,1010.4540448069,-13.7530161616162
2423520,81050,39.85,290.76,953.9370384,294.8627,348,336,340,339,339,-2.36,-0.01,0.28,4.08892512E+08,-1.04639386E+09,1954934,1006.3136248594,-17.066995959596
2423718,81062,39.84,289.73,950.5577732,293.7328,354,342,340,338,340,0.28,0.11,0.43,4.08892544E+08,-1.04639386E+09,1953715,1002.31428102737,-30.6651376884422
2423917,81074,39.84,287.87,944.4554108,292.46268,337,348,340,339,340,-2.55,-0.11,-0.06,4.08892576E+08,-1.04639386E+09,1952490,998.295252155983,-22.14567
2424117,81083,39.84,286.52,940.0262768,291.1527,329,342,340,339,340,-0.9,0.33,-0.32,4.08892608E+08,-1.04639386E+09,1951279,994.322155043122,-17.1536304568528
2424314,81093,39.84,285.49,936.6470116,289.89258,343,339,341,339,340,-0.14,0.48,0.14,4.0889264E+08,-1.04639392E+09,1949961,989.998008061495,-17.3201705583756
2424511,81105,39.85,284.45,933.234938,288.68268,353,351,340,338,340,-1.12,0.27,0.43,4.08892672E+08,-1.04639392E+09,1948611,985.568874203227,-17.066995959596
2424907,81125,39.84,282.39,926.4764076,286.44275,350,350,340,338,340,-1.34,0.18,-0.01,4.08892704E+08,-1.04639392E+09,1946109,977.360212785904,-21.2375803571429
2425131,81141,39.84,280.94,921.7191896,285.25272,342,351,340,339,340,-1.44,0.28,-0.34,4.08892736E+08,-1.04639398E+09,1944969,973.62005530559,-25.6833434343434
2425329,81154,39.84,279.39,916.6338876,283.9827,331,344,340,339,339,-1.9,0.39,-0.56,4.08892768E+08,-1.04639398E+09,1943692,969.430422759658,-16.981232160804
2425528,81164,39.84,278.36,913.2546224,282.75275,329,337,340,339,339,-1.6,0.57,-0.3,4.08892768E+08,-1.04639398E+09,1942345,965.011131421075,-24.1483147208122
2425725,81178,39.84,276.91,908.4974044,281.47266,337,333,340,339,339,-0.15,0.39,0.01,4.08892768E+08,-1.04639398E+09,1940998,960.591840082492,-16.981232160804
2425924,81190,39.84,275.88,905.1181392,280.2327,341,336,340,339,339,0.67,0,0.07,4.088928E+08,-1.04639398E+09,1939683,956.27753562055,-23.9056180904523
2426123,81200,39.84,274.43,900.3609212,278.9426,335,341,340,339,339,-0.19,-0.48,-0.07,4.08892832E+08,-1.04639398E+09,1938276,951.661393888267,-11.9908873096447
2426320,81211,39.84,273.71,897.9987164,277.7727,327,349,340,339,340,-0.5,-0.72,-0.24,4.08892864E+08,-1.04639405E+09,1936834,946.930422759658,-23.8606545454545
2426518,81221,39.84,272.27,893.2743068,276.56274,327,356,340,339,340,0.45,-0.76,-0.11,4.08892896E+08,-1.04639405E+09,1935468,942.44879546307,-17.1460984924623
2426717,81239,39.83,271.23,889.8622332,275.39273,328,348,340,339,339,-2.39,-0.33,0.27,4.08892928E+08,-1.04639405E+09,1934122,938.032784964382,-25.033636302521
2427312,81279,39.83,266.69,874.9672196,271.3927,340,348,340,339,340,3.52,0.54,-0.29,4.08893024E+08,-1.04639405E+09,1929810,923.885803337086,-22.2036646464646
2427510,81286,39.83,265.35,870.570894,270.02264,327,336,340,339,340,3.76,0.6,-0.73,4.08893088E+08,-1.04639405E+09,1928428,919.351682602177,-17.066995959596
2427708,81302,39.83,264.32,867.1916288,268.7127,331,343,340,339,339,1.14,-0.06,-0.5,4.0889312E+08,-1.04639405E+09,1927013,914.709294150734,-23.8606545454545
2427906,81314,39.83,262.88,862.4672192,267.38266,328,366,340,339,340,-2,-0.59,0.04,4.08893152E+08,-1.04639405E+09,1925606,910.09315241845,-21.2375803571429
2428130,81330,39.83,261.43,857.7100012,266.02274,330,359,340,339,340,-1.97,-0.38,-0.01,4.08893184E+08,-1.04639405E+09,1924244,905.624648481443,-25.5176444444444
2428328,81343,39.83,259.89,852.6575076,264.6227,335,335,340,339,339,0.7,0.57,0.17,4.08893248E+08,-1.04639405E+09,1922891,901.18567210349,-13.7530161616162
2428526,81353,39.83,259.06,849.9344104,263.33267,336,317,340,339,339,0.68,0.72,0.09,4.0889328E+08,-1.04639405E+09,1921507,896.644989688792,-20.3809757575758
2428724,81369,39.83,257.83,845.8989772,262.07266,337,332,340,339,339,0.08,-0.19,0,4.08893312E+08,-1.04639405E+09,1920074,891.943546119238,-21.0990047138047
2429318,81402,39.83,254.01,833.3661684,258.27264,341,354,340,339,340,0.73,-0.22,-0.32,4.08893408E+08,-1.04639405E+09,1916023,878.65286370454,-17.1536304568528
2429515,81414,39.82,252.98,829.9869032,257.09268,334,349,340,339,339,-1.45,0.06,-0.56,4.0889344E+08,-1.04639398E+09,1914733,874.420580239973,-27.479116751269
2429712,81426,39.82,251.33,824.5735172,255.81264,346,352,341,339,340,-0.26,0.15,-0.34,4.0889344E+08,-1.04639398E+09,1913439,870.175173415826,-20.2785587939698
2429911,81436,39.82,250.1,820.538084,254.54271,344,352,340,339,340,-1.48,0.12,-0.25,4.08893472E+08,-1.04639398E+09,1912103,865.791971316088,-17.066995959596
2430109,81449,39.82,249.07,817.1588188,253.3227,323,340,340,339,340,-3.55,0.38,-0.36,4.08893504E+08,-1.04639398E+09,1910850,861.681078927637,-18.7947618090452
2430308,81457,39.81,247.93,813.4186612,252.1227,333,330,340,339,339,-1.89,0.63,-0.02,4.08893504E+08,-1.04639398E+09,1909554,857.4291104237,-20.2785587939698
2430507,81469,39.82,246.7,809.383228,250.93275,338,333,340,339,339,1.24,0.28,-0.01,4.08893536E+08,-1.04639398E+09,1908266,853.203388638923,-21.1856932735426
2430730,81493,39.81,245.26,804.6588184,249.68262,331,349,340,339,340,0.81,-0.32,-0.19,4.08893536E+08,-1.04639398E+09,1906944,848.866118297716,-24.1483147208122
2430927,81497,39.81,243.81,799.9016004,248.39265,324,352,340,339,340,0.86,-0.48,-0.14,4.08893536E+08,-1.04639405E+09,1905596,844.443546119238,-20.3809757575758
2431125,81515,39.81,242.58,795.8661672,247.10266,320,344,340,339,340,1.95,-0.07,0.12,4.08893536E+08,-1.04639405E+09,1904366,840.408113048372,-27.3403333333333
2431323,81528,39.81,240.93,790.4527812,245.72269,332,349,340,339,340,3.73,0.3,0.44,4.08893536E+08,-1.04639405E+09,1903048,836.083966066744,-15.3216893401015
2431520,81538,39.81,240.01,787.4344084,244.42274,342,335,340,339,339,4.34,0.99,0.56,4.08893536E+08,-1.04639405E+09,1901703,831.671236407952,-27.2029447236181
2431719,81550,39.81,238.36,782.0210224,243.04285,368,322,340,338,339,0.22,1.09,0.36,4.08893536E+08,-1.04639411E+09,1900415,827.445514623175,-6.75951959798995
2431918,81556,39.81,237.95,780.675878,241.88287,358,358,340,338,340,-5.64,-0.16,0.6,4.08893536E+08,-1.04639411E+09,1899055,822.983572365957,-24.1041306122449
2432114,81574,39.81,236.51,775.9514684,240.68279,353,360,340,338,340,-4.98,0.13,-1,4.08893568E+08,-1.04639411E+09,1897984,819.469792838398,-23.740751758794
2432313,81587,39.8,235.07,771.2270588,239.43274,349,351,340,339,340,6.33,0.45,-1.98,4.08893568E+08,-1.04639411E+09,1896567,814.820842707164,-25.5542814070352
2432512,81599,39.8,233.52,766.1417568,238.12268,359,351,340,338,339,7.85,-1.08,-1.17,4.08893568E+08,-1.04639411E+09,1895111,810.043939820025,-13.6562883248731
2432709,81611,39.81,232.7,763.451468,236.91261,346,345,341,339,340,6.28,-0.29,0.12,4.08893568E+08,-1.04639411E+09,1893607,805.109556617925,-23.8606545454545
2432907,81619,39.81,231.26,758.7270584,235.66266,341,324,340,339,340,0.67,0.22,-0.13,4.08893568E+08,-1.04639411E+09,1892168,800.388428009002,-21.2811243243243
2433129,81637,39.8,229.82,754.0026488,234.36275,363,319,340,338,339,-2.01,0.15,-0.01,4.08893568E+08,-1.04639411E+09,1890777,795.824779715038,-25.3894150753769
2433328,81654,39.8,228.28,748.9501552,233.00278,373,353,340,338,339,-1.85,-0.27,-0.36,4.08893568E+08,-1.04639411E+09,1889374,791.221761342335,-27.3125766497462
2433525,81668,39.8,226.64,743.5695776,231.56265,335,332,341,339,339,-4.72,0.37,-1,4.08893568E+08,-1.04639411E+09,1887976,786.635147169107,-17.066995959596
2433723,81684,39.79,225.61,740.1903124,230.18256,368,339,340,338,340,-1.81,0.68,0.07,4.08893536E+08,-1.04639418E+09,1886595,782.104307274093,-23.740751758794
2433922,81694,39.79,224.17,735.4659028,228.79263,382,361,340,338,340,7.17,-0.54,-0.03,4.08893536E+08,-1.04639418E+09,1885125,777.281472628424,-25.6471756345178
2434119,81711,39.79,222.63,730.4134092,227.37265,323,358,340,339,340,-1.12,-0.46,-0.17,4.08893536E+08,-1.04639424E+09,1883720,772.671892575931,-23.622048
2434319,81717,39.79,221.19,725.6889996,225.92258,330,344,340,339,340,1.79,0.65,-0.23,4.08893536E+08,-1.04639424E+09,1882328,768.104963442072,-16.896326
2434519,81727,39.79,220.16,722.3097344,224.57271,332,322,340,339,339,2.58,0.82,0.32,4.08893568E+08,-1.0463943E+09,1880952,763.590527746534,-16.901296969697
2434717,81751,39.79,219.14,718.9632776,223.31273,387,329,340,338,339,-1.13,0.55,0.8,4.08893568E+08,-1.04639424E+09,1879650,759.318874203227,-41.1354050761421
2434914,81761,39.79,216.67,710.8596028,221.79271,349,357,340,338,340,-7.82,-0.93,-0.09,4.08893568E+08,-1.04639424E+09,1878389,755.181735095616,-10.0568462311558
2435113,81773,39.79,216.06,708.8582904,220.4427,349,336,340,339,339,2.34,0.74,-1.56,4.088936E+08,-1.0463943E+09,1877081,750.890396512939,-34.1339919191919
2435311,81781,39.78,214,702.09976,218.95267,370,353,340,338,340,9.5,-0.82,-1.62,4.08893632E+08,-1.0463943E+09,1875686,746.313624859395,-11.811024
2435511,81796,39.79,213.28,699.7375552,217.61261,353,348,340,339,339,8.16,-0.32,0.55,4.08893632E+08,-1.0463943E+09,1874333,741.874648481443,-19.2121261261261
2436510,81857,39.75,207.43,680.5446412,212.41277,387,320,340,338,339,0.46,0.41,-1.23,4.08893856E+08,-1.0463945E+09,1867735,720.227666854146,-24.1281506726457
2436733,81869,39.76,205.79,675.1640636,210.8927,346,331,340,339,339,17.06,-0.84,0.06,4.08893984E+08,-1.04639462E+09,1866306,715.539346644172,-20.4844324873096
2436930,81885,39.77,204.56,671.1286304,209.40273,327,339,340,339,339,8.63,0.58,-0.92,4.0889408E+08,-1.04639462E+09,1865029,711.34971409824,-16.8163658291457
2437129,81895,39.77,203.54,667.7821736,208.0127,334,331,340,339,339,-5.37,-0.45,0.1,4.08894144E+08,-1.04639469E+09,1863762,707.192889951259,-25.7780285714286
2437325,81904,39.77,202,662.72968,206.60263,324,344,340,339,339,-6.62,-0.83,-0.16,4.0889424E+08,-1.04639475E+09,1862507,703.075435883017,-10.1589461928934
2437522,81914,39.77,201.39,660.7283676,205.37274,326,358,340,339,340,-4.24,-0.47,-0.45,4.08894304E+08,-1.04639482E+09,1861237,698.908769216351,-23.740751758794
2437721,81930,39.77,199.95,656.003958,204.13266,345,360,340,339,340,0.38,0.11,-0.16,4.088944E+08,-1.04639482E+09,1859942,694.660081552309,-23.9817746192893
2437918,81940,39.76,198.51,651.2795484,202.86269,374,342,340,338,339,-2.45,0.74,0.08,4.08894464E+08,-1.04639488E+09,1858663,690.463887326587,-15.9920341708543
2438316,81959,39.76,196.57,644.9147188,200.60278,367,354,340,338,340,-5.32,-0.36,0.63,4.08894624E+08,-1.04639501E+09,1856146,682.206013310839,-10.3254862944162
2438513,81969,39.76,195.95,642.880598,199.59282,356,335,340,338,340,4.24,0.76,-0.23,4.0889472E+08,-1.04639501E+09,1854859,677.983572365957,-27.0380783919598
2438712,81981,39.76,194.31,637.5000204,198.47263,329,344,340,339,340,-0.9,-0.02,-1.01,4.08894784E+08,-1.04639507E+09,1853527,673.6134936258,-23.458006
2438912,81997,39.76,192.88,632.8084192,197.29266,317,355,340,339,340,-2.42,-0.04,-1.03,4.08894848E+08,-1.04639514E+09,1852202,669.266380764907,-34.1407208121827
2439109,82013,39.77,190.83,626.0826972,195.91254,339,359,341,339,340,-0.21,0.32,-0.23,4.08894944E+08,-1.04639514E+09,1850869,664.893021184855,-23.5758854271357
2439308,82029,39.78,189.4,621.391096,194.46268,356,347,340,338,340,-0.51,0.73,0.31,4.0889504E+08,-1.04639514E+09,1849505,660.417955568057,-12.118418018018
2439530,82037,39.76,188.58,618.7008072,193.13252,351,345,341,338,339,-5,0.49,0.55,4.08895136E+08,-1.0463952E+09,1848220,656.202076302965,-15.1677025125628
2439729,82048,39.77,187.66,615.6824344,191.88263,346,334,340,339,339,-4.48,0.32,0.36,4.088952E+08,-1.0463952E+09,1846967,652.091183914513,-13.7259632653061
2439925,82060,39.76,186.84,612.9921456,190.7426,333,331,340,339,339,-0.36,0.41,-0.16,4.08895264E+08,-1.0463952E+09,1845659,647.799845331836,-23.9817746192893
2440122,82068,39.77,185.4,608.267736,189.5627,331,355,340,339,340,1.39,-0.05,-0.4,4.08895328E+08,-1.04639526E+09,1844172,642.921236407952,-16.8163658291457
2440321,82076,39.77,184.38,604.9212792,188.42273,343,344,340,339,339,1.62,0,0.05,4.08895392E+08,-1.04639526E+09,1842809,638.449451631049,-13.5873171717172
2440519,82086,39.77,183.56,602.2309904,187.37273,376,336,340,338,339,-0.32,0.5,0.15,4.08895456E+08,-1.04639533E+09,1841387,633.78409730034,-20.177166
2440719,82098,39.76,182.33,598.1955572,186.30273,349,360,340,338,340,-8.04,0.2,0.11,4.08895488E+08,-1.04639533E+09,1840034,629.345120922387,-15.1677025125628
2440918,82109,39.76,181.41,595.1771844,185.27261,346,346,340,339,339,-9.92,0.83,0.56,4.08895488E+08,-1.04639539E+09,1838814,625.342496250471,-21.9272221105528
2441316,82131,39.75,178.75,586.45015,182.99257,332,330,340,339,339,3.54,0.9,-0.78,4.08895552E+08,-1.04639546E+09,1836619,618.141052680918,-16.9870903553299
2441513,82141,39.75,177.73,583.1036932,181.88261,339,357,341,339,340,2.98,-0.37,-0.81,4.08895552E+08,-1.04639546E+09,1835488,614.430422759658,-14.0685936348409
2442110,82166,39.75,175.17,574.7047428,178.84274,313,346,340,339,340,1.14,0.01,0.06,4.08895584E+08,-1.04639565E+09,1832535,604.742102549684,-23.8739696428571
2442334,82182,39.75,173.54,569.3569736,177.7627,356,351,340,338,340,3.7,-0.06,0.77,4.08895616E+08,-1.04639571E+09,1831705,602.019005436823,-10.3254862944162
2442531,82190,39.75,172.92,567.3228528,176.77275,362,340,340,338,339,2.69,1.04,0.44,4.08895648E+08,-1.04639584E+09,1830596,598.380553993254,-20.3809757575758
2442729,82200,39.75,171.69,563.2874196,175.73264,343,334,340,339,339,-3.76,0.56,-0.08,4.08895648E+08,-1.0463959E+09,1829462,594.660081552309,-20.2152767676768
2442927,82213,39.75,170.47,559.2847948,174.66263,330,329,340,339,339,-4.34,0.5,-0.08,4.0889568E+08,-1.04639603E+09,1828343,590.988821709789,-15.3216893401015
2443124,82223,39.75,169.55,556.266422,173.61264,345,338,340,339,340,5.61,0.15,-0.42,4.08895712E+08,-1.0463961E+09,1827389,587.858900449946,-13.5873171717172
2443322,82229,39.75,168.73,553.5761332,172.61273,342,332,340,339,339,6.6,-0.01,-0.08,4.08895744E+08,-1.04639622E+09,1826385,584.564937195353,-16.8163658291457
2443521,82243,39.75,167.71,550.2296764,171.61266,350,344,341,339,340,-1.11,-0.41,0.23,4.08895776E+08,-1.04639629E+09,1825397,581.32346737908,-16.9870903553299
2443718,82251,39.75,166.69,546.8832196,170.61266,315,336,340,339,339,-5.82,-0.75,-0.54,4.08895808E+08,-1.04639642E+09,1824302,577.730947694041,-10.1200039800995
2443919,82263,39.75,166.07,544.8490988,169.69276,360,341,340,338,339,3.48,-0.08,-0.61,4.0889584E+08,-1.04639648E+09,1823167,574.007194413201,-20.1136924623116
2444118,82273,39.75,164.85,540.846474,168.72266,344,347,340,339,340,10.8,0.42,-0.51,4.08895872E+08,-1.04639661E+09,1822184,570.782128796403,-13.5873171717172
2444316,82281,39.75,164.03,538.1561852,167.79272,340,336,340,339,339,3.19,0.07,-0.57,4.08895904E+08,-1.04639667E+09,1821001,566.900895200603,-23.6949555555556
2444514,82293,39.75,162.6,533.464584,166.76268,362,341,340,338,339,-4.38,0.01,-0.22,4.08895968E+08,-1.0463968E+09,1820068,563.839871578555,-15.1677025125628
2444713,82298,39.74,161.68,530.4462112,165.7527,338,349,340,339,339,-7.7,0.09,-0.19,4.08896032E+08,-1.04639693E+09,1819096,560.650895200603,-13.5873171717172
2444911,82306,39.74,160.86,527.7559224,164.76265,343,353,340,339,340,-6.24,0.61,0.68,4.08896064E+08,-1.04639706E+09,1818066,557.271630108739,-20.2152767676768
2445109,82322,39.74,159.64,523.7532976,163.74274,352,348,340,338,340,-3.99,-0.06,1.12,4.08896128E+08,-1.04639712E+09,1817029,553.869399137611,-21.2289647058824
2445330,82336,39.73,158.21,519.0616964,162.62276,355,342,340,338,339,0.76,-0.02,0.45,4.0889616E+08,-1.04639725E+09,1815947,550.319530371206,-13.5873171717172
2445528,82348,39.74,157.39,516.3714076,161.55272,343,347,340,339,339,0.63,-0.12,-0.3,4.08896192E+08,-1.04639738E+09,1814903,546.894333520813,-25.4806355329949
2445725,82355,39.73,155.86,511.3517224,160.37271,333,357,340,339,340,-0.65,-0.26,-0.75,4.08896224E+08,-1.04639744E+09,1813780,543.209950318713,-13.3541728643216
2445924,82363,39.74,155.05,508.694242,159.25262,340,354,341,339,340,0.69,0.08,-0.64,4.08896256E+08,-1.0463975E+09,1812623,539.414018560183,-16.8163658291457
2446123,82379,39.73,154.03,505.3477852,158.1527,344,344,340,339,340,0.32,0.4,-0.52,4.08896256E+08,-1.04639763E+09,1811498,535.723073678293,-17.1536304568528
2446320,82385,39.74,153,501.96852,157.07262,335,341,340,339,339,-1.3,0.32,-0.58,4.08896288E+08,-1.0463977E+09,1810374,532.035409636298,-20.1136924623116
2446519,82399,39.74,151.78,497.9658952,155.96269,321,341,340,339,339,-1.98,0.17,-0.55,4.0889632E+08,-1.04639776E+09,1809302,528.518349268844,-16.9870903553299
2446716,82407,39.74,150.76,494.6194384,154.86269,326,348,340,339,340,-0.27,0.02,-0.33,4.0889632E+08,-1.04639782E+09,1808213,524.945514623175,-18.5582868686869
2446914,82420,39.74,149.64,490.9448976,153.7727,340,341,340,339,339,2.2,0.06,0.06,4.08896352E+08,-1.04639789E+09,1807063,521.17254874391,-16.8163658291457
2447113,82432,39.74,148.62,487.5984408,152.68268,342,332,340,339,339,1.41,0.12,0.17,4.08896384E+08,-1.04639795E+09,1805908,517.38317866517,-27.1460365482234
2447310,82446,39.73,146.99,482.2506716,151.49263,343,340,340,339,339,-2.01,-0.37,0.08,4.08896384E+08,-1.04639802E+09,1804788,513.708637982755,-13.5873171717172
2447508,82452,39.74,146.17,479.5603828,150.36269,320,345,340,339,340,-2.65,-0.65,-0.54,4.08896416E+08,-1.04639808E+09,1803675,510.057063179605,-16.9870903553299
2447705,82462,39.73,145.15,476.213926,149.25269,311,353,340,339,339,-3.02,-0.16,-0.64,4.08896448E+08,-1.04639821E+09,1802541,506.33659073866,-13.4748785714286
2447929,82473,39.73,144.23,473.1955532,148.19276,327,353,340,339,340,1.7,0.17,-0.12,4.08896448E+08,-1.04639827E+09,1801385,502.543939820025,-16.9440850632911
2448324,82493,39.73,142.19,466.5026396,146.19266,324,342,340,339,339,1.7,0.48,0.17,4.08896512E+08,-1.04639846E+09,1799142,495.185015935511,-19.280678767507
2450109,82592,39.73,131.7,432.086628,135.8727,342,338,340,339,339,0.09,-0.01,0.36,4.08896864E+08,-1.04639936E+09,1788621,460.667299400078,-10.0568462311558
2450308,82600,39.72,131.09,430.0853156,134.86275,347,357,340,338,340,-0.59,-0.83,0.32,4.08896928E+08,-1.04639942E+09,1787486,456.943546119238,-22.6111945945946
2450530,82613,39.72,129.56,425.0656304,133.76266,344,339,340,339,339,-0.12,-0.5,-0.05,4.08896992E+08,-1.04639955E+09,1786310,453.085278402702,-20.3178923857868
2450727,82625,39.72,128.34,421.0630056,132.6227,332,320,340,339,339,0.11,0.01,-0.38,4.08897056E+08,-1.04639962E+09,1785081,449.053126171731,-6.79365858585859
2450925,82635,39.72,127.93,419.7178612,131.64267,350,329,340,339,340,2.66,-0.5,-0.3,4.08897088E+08,-1.04639968E+09,1783926,445.263756092991,-23.4110190954774
2451124,82643,39.72,126.51,415.0590684,130.57277,345,320,340,339,339,8.2,-0.34,0.55,4.08897152E+08,-1.04639974E+09,1782680,441.175829583805,-18.6052698734177
2451519,82665,39.72,124.27,407.7099868,128.48264,335,331,340,339,339,-3.14,-0.66,0.16,4.08897216E+08,-1.04639994E+09,1780231,433.141052680918,-15.2443070707071
2451717,82678,39.72,123.35,404.691614,127.42265,336,341,340,339,339,-1.25,-0.72,-0.67,4.0889728E+08,-1.04640006E+09,1779076,429.351682602177,-23.4659745393635
2452314,82712,39.71,119.08,390.6824272,123.99266,341,333,340,339,339,0.59,-0.16,0.26,4.0889744E+08,-1.04640032E+09,1775340,417.094464754408,-13.4897482233503
2452511,82722,39.71,118.27,388.0249468,122.76272,352,343,340,338,339,-0.56,-0.7,0.42,4.08897504E+08,-1.04640045E+09,1774192,413.328060554933,-8.45064848484848
2452709,82731,39.71,117.76,386.3517184,121.68266,349,339,340,339,339,1.82,-0.55,-0.2,4.08897568E+08,-1.04640058E+09,1773061,409.617430633674,-16.901296969697
2452907,82741,39.71,116.74,383.0052616,120.62268,332,347,340,339,339,3.16,-0.56,-0.68,4.08897632E+08,-1.04640064E+09,1771863,405.686984439448,-15.006532735426
2453130,82753,39.71,115.72,379.6588048,119.58269,350,370,340,338,340,3.85,-0.84,-0.45,4.08897696E+08,-1.04640077E+09,1770733,401.979635358083,-21.5844736842105
2454118,82816,39.7,109.22,358.3333448,113.5727,342,356,340,339,340,-0.92,0.34,-0.31,4.08898016E+08,-1.04640122E+09,1764686,382.140396512939,-21.653544
2454318,82828,39.71,107.9,354.002636,112.33269,360,342,340,338,339,-3.4,0.79,-0.17,4.08898048E+08,-1.04640128E+09,1763427,378.009819085117,-13.6562883248731
2454515,82838,39.7,107.08,351.3123472,111.17263,341,358,340,339,340,-7.84,0.62,0.68,4.08898112E+08,-1.04640134E+09,1762111,373.69223378328,-23.4110190954774
2454714,82854,39.7,105.66,346.6535544,109.97262,354,352,340,339,339,-7.24,0.21,0.87,4.08898176E+08,-1.04640147E+09,1760792,369.364805961758,-16.901296969697
2454912,82864,39.7,104.64,343.3070976,108.80268,352,320,340,339,339,2.92,1.13,0.49,4.08898208E+08,-1.04640154E+09,1759472,365.03409730034,-17.6469424242424
2455308,82885,39.7,102.51,336.3189084,106.5227,335,344,340,339,339,-2.25,-0.07,-0.57,4.08898304E+08,-1.04640166E+09,1756939,356.723729846272,-16.8205502538071
2455505,82893,39.7,101.5,333.00526,105.4527,338,343,340,339,339,-1.1,0.14,-0.57,4.08898368E+08,-1.04640173E+09,1755784,352.934359767532,-23.9810278026906
2455728,82905,39.7,99.87,327.6574908,104.2627,366,345,340,338,340,-0.23,0.33,-0.26,4.08898432E+08,-1.04640179E+09,1754618,349.108900449946,-13.4897482233503
2455925,82915,39.7,99.06,325.0000104,103.15267,349,351,340,338,340,-5.75,0.21,-0.17,4.08898496E+08,-1.04640186E+09,1753490,345.408113048372,-20.2152767676768
2456123,82927,39.7,97.84,320.9973856,102.02271,344,338,340,339,339,-7.8,0.74,0.26,4.08898528E+08,-1.04640192E+09,1752379,341.763099925012,-18.5342563237774
2456716,82960,39.69,94.49,310.0065716,98.70269,329,348,340,339,339,0.22,-0.18,-0.92,4.08898656E+08,-1.04640218E+09,1749103,331.015068428949,-16.8205502538071
2456913,82972,39.69,93.48,306.6929232,97.60274,325,345,340,339,340,0.59,-0.18,-0.97,4.08898688E+08,-1.04640224E+09,1747972,327.304438507689,-20.2152767676768
2457111,82980,39.7,92.26,302.6902984,96.47272,334,345,340,339,339,2.51,-0.16,-0.52,4.08898752E+08,-1.0464023E+09,1746519,322.537378140235,-18.3001628140704
2457310,82993,39.7,91.15,299.048566,95.34263,343,338,341,339,339,2.13,-0.14,-0.06,4.08898784E+08,-1.04640237E+09,1745155,318.062312523437,-20.2152767676768
2457508,82999,39.69,89.93,295.0459412,94.19273,331,351,340,339,340,-3.02,-0.47,0.05,4.08898816E+08,-1.0464025E+09,1743889,313.908769216351,-13.4216181818182
2457706,83011,39.7,89.12,292.3884608,93.11268,310,356,340,339,340,-3.77,-0.45,-0.4,4.08898848E+08,-1.04640256E+09,1742667,309.899582864645,-13.5873171717172
2457904,83033,39.7,88.3,289.698172,92.1027,335,364,340,339,340,1.68,-0.01,-0.01,4.08898912E+08,-1.04640262E+09,1741371,305.647614360708,-35.9118972972973
2458126,83043,39.69,85.87,281.7257308,90.80263,346,350,340,339,340,2.15,0.57,0.37,4.08898944E+08,-1.04640269E+09,1740074,301.392365016876,-20.2541653061224
2458322,83055,39.69,84.66,277.7559144,89.48267,330,343,340,339,339,0.04,0.68,-0.19,4.08899008E+08,-1.04640282E+09,1738762,297.087903074618,-16.901296969697
2458520,83069,39.69,83.64,274.4094576,88.19261,322,346,340,339,339,0.02,0.36,-0.32,4.08899072E+08,-1.04640288E+09,1737545,293.095120922387,-20.2152767676768
2458718,83080,39.69,82.42,270.4068328,86.91264,338,345,340,339,340,2.27,0.2,0.01,4.08899136E+08,-1.04640294E+09,1736359,289.204044806902,-15.1551492385787
2458915,83090,39.7,81.51,267.4212684,85.7127,348,338,340,339,339,2.75,0.35,0.24,4.088992E+08,-1.04640301E+09,1735169,285.299845331836,-20.2541653061224
2459111,83098,39.69,80.3,263.451452,84.5127,348,342,340,339,339,-1.37,0.05,0.14,4.08899232E+08,-1.04640307E+09,1733934,281.248008061495,-16.8163658291457
2459310,83112,39.69,79.28,260.1049952,83.36272,323,338,340,339,340,-3.74,-0.29,-0.33,4.08899296E+08,-1.04640314E+09,1732602,276.877929321338,-33.6411005076142
2459507,83130,39.69,77.26,253.4776984,82.03267,332,343,340,339,339,-0.79,-0.12,-0.5,4.0889936E+08,-1.0464032E+09,1731359,272.799845331836,-10.1076383838384
2459705,83139,39.69,76.65,251.476386,80.83265,354,349,340,338,340,2.76,-0.27,-0.13,4.08899456E+08,-1.04640326E+09,1730087,268.62661698538,-13.3881811659193
2459928,83149,39.68,75.74,248.4908216,79.71261,346,348,340,339,339,-0.17,-0.3,-0.1,4.0889952E+08,-1.04640333E+09,1728832,264.509162917138,-16.5425153456998
2461114,83210,39.68,69.76,228.8713984,73.3227,348,339,340,338,339,1.06,-0.17,0.33,4.089E+08,-1.04640358E+09,1721471,240.358900449946,-26.8432363636364
2461312,83218,39.67,68.14,223.5564376,72.26264,347,344,340,339,340,4.52,-0.02,-0.16,4.08900096E+08,-1.04640358E+09,1720335,236.631866329212,-20.151352284264
2461509,83230,39.68,66.93,219.5866212,71.17269,338,348,340,339,339,2.85,-0.17,-0.33,4.08900192E+08,-1.04640365E+09,1719240,233.039346644172,-13.3541728643216
2461708,83238,39.68,66.12,216.9291408,70.13267,326,344,340,339,339,-0.34,-0.27,-0.33,4.08900256E+08,-1.04640365E+09,1718256,229.811000187479,-13.4897482233503
2461905,83249,39.68,65.31,214.2716604,69.13271,326,343,340,339,339,-0.17,-0.24,-0.14,4.08900352E+08,-1.04640365E+09,1717299,226.671236407952,-16.2577339285714
2462129,83255,39.67,64.2,210.629928,68.13266,335,349,340,339,340,-0.01,-0.39,0.26,4.08900416E+08,-1.04640371E+09,1716229,223.160737720288,-11.5890368159204
2462531,83277,39.65,62.78,205.9711352,67.04265,353,354,340,338,340,1.02,0.2,0.18,4.08900512E+08,-1.04640371E+09,1714100,216.175829583805,-26.8432363636364
2462729,83291,39.66,61.16,200.6561744,65.83268,355,358,340,338,340,-1.42,0.42,0.34,4.08900672E+08,-1.04640378E+09,1712953,212.412706224225,-16.9063693877551
2462925,83303,39.66,60.15,197.342526,64.63276,356,357,340,338,340,-3.16,0.62,0.27,4.08900736E+08,-1.04640378E+09,1711924,209.036721972256,-10.1076383838384
2463123,83309,39.66,59.54,195.3412136,63.55272,355,359,340,338,340,-3.58,0.68,0.26,4.089008E+08,-1.04640384E+09,1710904,205.690265279343,-20.0495777777778
2463321,83321,39.66,58.33,191.3713972,62.44274,342,343,340,338,339,-3.96,0.94,0.15,4.08900832E+08,-1.04640384E+09,1709908,202.42254874391,-21.1209292620865
2463714,83339,39.67,55.8,183.070872,60.23272,332,324,340,339,339,2.22,0.87,-0.51,4.0890096E+08,-1.04640384E+09,1707762,195.381866329212,-6.66160406091371
2463911,83352,39.66,55.4,181.758536,59.21267,328,328,340,339,339,2.63,-0.05,-0.54,4.08900992E+08,-1.0464039E+09,1706688,191.858244281967,-30.1572161616162
2464109,83360,39.67,53.58,175.7874072,58.03268,336,348,340,339,340,2.03,-0.91,0.07,4.08901024E+08,-1.0464039E+09,1705550,188.124648481443,-13.4216181818182
2464307,83370,39.67,52.77,173.1299268,56.92269,324,353,340,339,340,-2.44,-1.41,0.53,4.08901056E+08,-1.0464039E+09,1704448,184.509162917138,-14.8594098654709
2464530,83380,39.67,51.76,169.8162784,55.83268,318,353,340,339,340,-4.38,-1.11,-0.24,4.0890112E+08,-1.0464039E+09,1703244,180.559031683542,-16.735597979798
2464728,83388,39.66,50.75,166.50263,54.76274,320,363,340,339,340,-0.53,-0.56,-0.15,4.08901152E+08,-1.0464039E+09,1701915,176.19879546307,-13.4897482233503
2464925,83401,39.66,49.94,163.8451496,53.75273,317,370,340,339,340,-1.39,-0.23,0.32,4.08901152E+08,-1.0464039E+09,1700601,171.887771841023,-15.0028361809045
2465124,83417,39.66,49.03,160.8595852,52.77273,335,365,340,339,340,0.32,0.35,0.78,4.08901184E+08,-1.0464039E+09,1699487,168.232916197978,-19.9488261306533
2465323,83423,39.66,47.82,156.8897688,51.76258,350,334,340,338,339,1.3,1.3,0.78,4.08901216E+08,-1.0464039E+09,1698378,164.594464754408,-20.2541653061224
2465519,83437,39.66,46.61,152.9199524,50.71266,327,318,340,339,339,3.26,1.69,-0.55,4.08901248E+08,-1.0464039E+09,1697180,160.664018560183,-16.4858129353234
2465720,83435,39.66,45.6,149.606304,49.66269,304,342,340,339,340,1.92,0.53,-1.19,4.08901312E+08,-1.0464039E+09,1696106,157.140396512939,-13.4216181818182
2465918,83453,39.67,44.79,146.9488236,48.6728,321,378,340,339,340,4.45,-0.27,-0.56,4.08901376E+08,-1.04640397E+09,1695065,153.72504218223,-11.7646282828283
2466116,83460,39.67,44.08,144.6194272,47.73271,313,370,340,339,340,2.16,0.24,0.16,4.0890144E+08,-1.04640397E+09,1693915,149.952076302965,-30.005672361809
2466315,83480,39.67,42.26,138.6482984,46.64267,324,357,340,339,340,0.41,0.75,0.67,4.08901504E+08,-1.04640397E+09,1692834,146.405488376456,-20.151352284264
2466512,83482,39.67,41.05,134.678482,45.50262,343,347,340,339,340,1.57,1.25,1.02,4.08901568E+08,-1.04640397E+09,1691876,143.262443757033,-15.7182695960312
2467923,83553,39.65,34.29,112.5000036,38.98279,392,323,340,338,339,4.54,0.54,-2.04,4.08901984E+08,-1.04640403E+09,1684361,118.606931946009,-9.94193939393939
2468121,83563,39.66,33.69,110.5314996,37.93263,359,335,341,339,339,17.3,-1.09,-0.33,4.08902048E+08,-1.0464041E+09,1683063,114.348401762282,-23.4110190954774
2468320,83571,39.65,32.27,105.8727068,36.79255,348,337,340,338,339,9.29,0.82,-0.4,4.0890208E+08,-1.0464041E+09,1681696,109.8634936258,-9.99240609137056
2468517,83581,39.66,31.67,103.9042028,35.73261,340,330,340,339,339,-6.12,-0.22,-0.03,4.08902112E+08,-1.0464041E+09,1680582,106.208637982755,-16.735597979798
2468715,83587,39.65,30.66,100.5905544,34.68267,339,340,340,339,340,-7.53,-0.25,-0.18,4.08902112E+08,-1.04640416E+09,1679674,103.229635358083,-13.4216181818182
2468913,83597,39.65,29.85,97.933074,33.69275,341,352,340,339,340,-2.45,-0.1,-0.54,4.08902144E+08,-1.04640422E+09,1678701,100.037378140235,-3.33080203045685
2469110,83607,39.65,29.65,97.276906,32.86273,339,337,340,339,340,1.68,0.19,-0.71,4.08902176E+08,-1.04640429E+09,1677619,96.487509373831,-15.0786080808081
2469308,83612,39.65,28.74,94.2913416,32.05262,337,319,340,339,339,0.73,0.27,-0.89,4.08902208E+08,-1.04640435E+09,1676443,92.6292416572956,-16.569898989899
2469506,83620,39.65,27.74,91.0105016,31.22272,390,323,340,338,339,-4.54,-0.2,-0.7,4.0890224E+08,-1.04640435E+09,1675217,88.6069319460095,-14.8594098654709
2469729,83624,39.64,26.73,87.6968532,30.36255,339,326,341,339,339,-14.83,0.42,-0.39,4.0890224E+08,-1.04640442E+09,1674182,85.2112626546709,-13.4897482233503
2469926,83640,39.64,25.92,85.0393728,29.52268,370,323,340,338,339,-3.11,-0.09,0.72,4.0890224E+08,-1.04640442E+09,1673307,82.3405277465344,-16.735597979798
2470124,83644,39.65,24.91,81.7257244,28.65276,337,315,340,339,339,11.63,0.27,-0.36,4.0890224E+08,-1.04640442E+09,1672479,79.6239923134635,-9.84252
2470324,83654,39.65,24.31,79.7572204,27.83283,311,325,340,339,339,7.95,0.01,-0.04,4.0890224E+08,-1.04640448E+09,1671677,76.992758717663,-16.8205502538071
2470521,83664,39.65,23.3,76.443572,26.98269,321,327,340,339,339,-0.19,-0.2,0.83,4.0890224E+08,-1.04640448E+09,1670875,74.3615251218625,-13.770403034134
2471312,83697,39.64,19.98,65.5511832,23.46271,358,331,340,339,339,-1.77,-0.11,-0.08,4.08902304E+08,-1.04640448E+09,1666456,59.8634936257995,-15.0406267002519
2471709,83715,39.64,18.16,59.5800544,21.7827,353,377,340,338,340,3.12,-0.45,-1.4,4.08902336E+08,-1.04640442E+09,1663952,51.6482705286866,-15.0028361809045
2471908,83724,39.64,17.25,56.59449,20.93266,342,352,340,339,340,1.6,-0.09,-0.88,4.08902368E+08,-1.04640442E+09,1662666,47.4291104236998,-13.1893065326633
2472107,83732,39.64,16.45,53.969818,20.09273,366,325,340,338,339,0.94,0.51,-0.93,4.089024E+08,-1.04640435E+09,1661529,43.6987954630698,-11.9706324324324
2472329,83738,39.63,15.64,51.3123376,19.26274,350,316,340,338,339,11.65,-0.37,-0.9,4.08902432E+08,-1.04640435E+09,1660415,40.0439398200252,-13.3232081218274
2472526,83750,39.64,14.84,48.6876656,18.43272,317,348,340,339,340,11.67,0.26,0.09,4.08902496E+08,-1.04640435E+09,1659459,36.9074568803927,-15.9781168831169
2473912,83810,39.62,8.09,26.5419956,12.28274,364,360,340,338,340,5.04,0.54,-0.18,4.0890288E+08,-1.04640429E+09,1652229,13.1869844394478,-14.9957585858586
2474308,83833,39.62,6.28,20.6036752,10.3524,380,340,341,338,339,-10.95,0.26,0.9,4.08903008E+08,-1.04640435E+09,1650172,6.4382967754058,-0.0209196108333289
2662505,83839,40.64,5.08,16.6666672,4.60374,300,340,338,339,339,0.25,-0.12,-0.52,4.0890336E+08,-1.04640493E+09,1647616,-1.94752999624774,0.155306035502959
2666730,83841,40.69,5.28,17.3228352,4.83391,314,321,338,339,339,-0.21,-1.09,-0.87,4.0890288E+08,-1.04640493E+09,1649694,4.87005530558953,1.66118481012658
2667125,83839,40.7,5.48,17.9790032,4.87387,332,318,338,339,339,-0.38,-0.06,-0.54,4.08902848E+08,-1.04640493E+09,1650448,7.34380858642942,3.29732663316583
2667324,83839,40.7,5.68,18.6351712,4.89402,333,313,337,339,339,-0.29,0.06,-0.16,4.08902816E+08,-1.04640493E+09,1650443,7.32740438695436,0
2667524,83837,40.7,5.68,18.6351712,4.91394,328,325,338,339,339,-0.17,-0.12,0.09,4.08902784E+08,-1.04640493E+09,1650487,7.47176134233493,1.6569898989899
2667920,83835,40.71,5.88,19.2913392,4.96385,318,315,338,339,339,-0.3,-0.35,0.04,4.08902752E+08,-1.04640499E+09,1650630,7.94092144732181,0
2668120,83835,40.71,5.88,19.2913392,4.98407,305,309,337,339,339,0.24,-0.19,0.15,4.0890272E+08,-1.04640499E+09,1650711,8.20666947881787,0
2720726,83839,41.27,5.88,19.2913392,5.27394,297,352,337,340,340,0.1,-0.22,-0.18,4.08896E+08,-1.04640115E+09,1651998,12.4291104236998,-1.11026734348562
2721317,83839,41.28,5.68,18.6351712,5.28385,286,358,338,340,340,1.65,-0.47,0.15,4.08895936E+08,-1.04640109E+09,1652214,13.1377718410226,-9.99240609137056
2721514,83845,41.28,5.08,16.6666672,5.28393,294,376,338,340,340,2.09,-0.8,0.15,4.08895904E+08,-1.04640109E+09,1652162,12.9671681664819,-10.006562
2721714,83851,41.28,4.47,14.6653548,5.27362,302,342,338,339,339,1.34,-1.16,0.78,4.08895872E+08,-1.04640102E+09,1652111,12.7998453318362,3.34779591836735
2721910,83845,41.28,4.67,15.3215228,5.26394,280,356,337,340,340,1.05,-1.08,0.97,4.0889584E+08,-1.04640102E+09,1652232,13.1968269591328,-3.29732663316583
2722109,83851,41.29,4.47,14.6653548,5.25383,297,366,338,340,340,0.34,-0.98,0.35,4.08895808E+08,-1.04640102E+09,1652265,13.3050946756683,-9.84252
2722309,83855,41.28,3.87,12.6968508,5.2336,299,345,338,340,340,-0.54,-0.87,-0.34,4.08895808E+08,-1.04640096E+09,1652242,13.229635358083,0
2722534,83855,41.28,3.87,12.6968508,5.21408,281,366,337,340,340,0.52,-0.03,-0.54,4.08895776E+08,-1.04640096E+09,1652088,12.7243860142509,3.47178835978836
2722912,83851,41.27,4.27,14.0091868,5.19375,315,346,338,339,340,0.41,0.2,-0.81,4.08895744E+08,-1.04640096E+09,1651457,10.6541760404977,-10.1076383838384
2723110,83851,41.28,3.66,12.0078744,5.1639,303,389,338,339,340,0.16,1.41,-0.46,4.08895712E+08,-1.0464009E+09,1651474,10.7099503187129,19.9488261306533
2723309,83845,41.29,4.87,15.9776908,5.16392,314,371,338,339,340,-0.41,0.57,-0.43,4.0889568E+08,-1.0464009E+09,1651465,10.6804227596578,-6.23437529691211
2723730,83855,41.29,4.07,13.3530188,5.13399,315,385,338,339,340,0.59,-0.76,-0.17,4.08895648E+08,-1.0464009E+09,1651493,10.7722862767181,0
2724325,83853,41.3,4.07,13.3530188,5.07387,310,394,338,339,341,-0.73,0.12,-0.12,4.08895552E+08,-1.04640083E+09,1651558,10.985540869894,1.99039838220425
2725314,83843,41.3,4.67,15.3215228,5.00386,302,366,338,339,340,-2.03,0.3,0.18,4.08895456E+08,-1.04640083E+09,1650951,8.99407105362102,-3.29732663316583
2725513,83849,41.3,4.47,14.6653548,4.99392,277,374,337,340,340,-1.66,0.27,0.08,4.08895456E+08,-1.04640083E+09,1650938,8.95142013498585,6.72779848101266
2725908,83839,41.3,5.28,17.3228352,5.00381,327,383,338,339,340,-0.24,0.9,-0.46,4.0889536E+08,-1.04640083E+09,1651358,10.3293728908914,-0.130606687898089
2730932,83845,41.31,5.08,16.6666672,4.99368,359,333,338,339,339,0.68,0.07,-0.66,4.08894784E+08,-1.04640058E+09,1651068,9.37792932133756,-3.42275928753181
2731325,83847,41.32,4.67,15.3215228,4.9837,404,359,338,337,340,-0.68,-0.23,-0.75,4.0889472E+08,-1.04640051E+09,1651051,9.32215504312234,-0.827450189155107
2732118,83847,41.31,4.47,14.6653548,4.97355,382,344,339,338,340,-0.68,0.12,0.05,4.08894624E+08,-1.04640051E+09,1651052,9.32543588301735,-0.0355271054450503
2862328,83863,41.16,3.06,10.0393704,3.34386,339,333,338,339,339,0.04,0.14,-0.27,4.0887888E+08,-1.04639008E+09,1650538,7.6390841769806,0.0314163827448013
2946917,83855,41.21,3.87,12.6968508,4.20362,259,356,338,340,340,-1.44,-0.93,-0.43,4.08869984E+08,-1.04638989E+09,1648377,0.549189163857244,0
2947115,83851,41.21,3.87,12.6968508,4.1936,299,346,338,339,340,0.64,-0.31,-0.8,4.08869952E+08,-1.04638995E+09,1648388,0.585278402702388,0
2947510,83857,41.22,3.87,12.6968508,4.18372,274,362,338,340,340,0.03,-0.47,-0.16,4.08869888E+08,-1.04638989E+09,1648298,0.290002812151207,0
2947707,83857,41.22,3.87,12.6968508,4.18358,302,356,338,339,340,0.46,-0.36,-0.03,4.08869856E+08,-1.04638995E+09,1648293,0.273598612676142,3.29732663316583
2947906,83853,41.23,4.07,13.3530188,4.18378,271,367,338,340,340,0.08,-0.22,0.2,4.08869824E+08,-1.04638995E+09,1648305,0.312968691416299,0
2962307,83861,41.27,4.07,13.3530188,3.85367,274,369,338,340,340,-1.63,-0.5,-0.76,4.08867936E+08,-1.04638982E+09,1648806,1.95666947881787,0
2962923,83859,41.27,4.07,13.3530188,3.85378,274,355,338,340,340,-0.9,-0.42,-0.52,4.08867872E+08,-1.04638982E+09,1648959,2.45863798275488,-13.3541728643216
2963122,83861,41.27,3.26,10.6955384,3.8437,300,339,338,340,339,0.12,-0.28,-0.49,4.0886784E+08,-1.04638982E+09,1649018,2.65220753656066,10.1589461928934
2963319,83859,41.27,3.87,12.6968508,3.84384,269,342,338,340,340,0.22,-0.56,-0.16,4.08867808E+08,-1.04638982E+09,1649158,3.11152512186249,-3.46219296482412
2963518,83865,41.27,3.66,12.0078744,3.84372,280,363,338,340,340,0.48,0.05,0.28,4.08867808E+08,-1.04638982E+09,1649189,3.2132311586079,-3.29732663316583
2963717,83859,41.28,3.46,11.3517064,3.83351,322,375,339,339,340,1.76,0.52,0.48,4.08867776E+08,-1.04638982E+09,1649338,3.70207630296486,0
2963914,83861,41.27,3.46,11.3517064,3.83369,264,390,338,340,340,0.3,0.27,0.17,4.08867744E+08,-1.04638976E+09,1649412,3.94485845519583,-6.6279595959596
2964112,83859,41.27,3.06,10.0393704,3.82356,270,366,338,340,340,-0.91,0.04,0.23,4.08867744E+08,-1.04638976E+09,1649302,3.58396606674438,-3.3139797979798
2964310,83859,41.27,2.86,9.3832024,3.80355,283,362,338,340,340,0.15,0.19,-0.23,4.08867712E+08,-1.04638976E+09,1649369,3.80378233971026,9.94193939393939
2964508,83861,41.27,3.46,11.3517064,3.80367,264,416,338,340,341,0.37,0.07,-0.26,4.0886768E+08,-1.04638976E+09,1649396,3.89236501687562,0
2964904,83859,41.27,3.46,11.3517064,3.79354,290,377,338,340,341,-0.1,-0.05,0.18,4.08867648E+08,-1.04638976E+09,1649401,3.90876921635068,1.56230476190476
2965324,83861,41.27,3.66,12.0078744,3.79361,291,357,338,340,340,0.14,0.33,-0.06,4.08867616E+08,-1.0463897E+09,1649292,3.55115766779425,-6.59465326633166
2965523,83865,41.27,3.26,10.6955384,3.78352,291,363,338,339,340,0.29,0.23,-0.14,4.08867584E+08,-1.0463897E+09,1649387,3.8628374578205,0
2965722,83863,41.28,3.26,10.6955384,3.77344,242,372,339,341,340,0.1,-0.08,-0.16,4.08867584E+08,-1.0463897E+09,1649371,3.81034401950029,0
2965919,83859,41.28,3.26,10.6955384,3.77349,304,365,339,339,340,0.62,-0.1,0.07,4.08867552E+08,-1.04638963E+09,1649314,3.62333614548454,0
2966118,83861,41.28,3.26,10.6955384,3.76358,283,380,339,340,340,0.03,-0.17,0.31,4.0886752E+08,-1.04638963E+09,1649395,3.8890841769806,1.64866331658291
2966516,83861,41.28,3.46,11.3517064,3.75352,308,350,339,339,339,0.46,0.35,-0.17,4.08867488E+08,-1.04638957E+09,1649333,3.68567210348979,0
2966715,83861,41.28,3.46,11.3517064,3.74366,284,370,338,340,340,0.22,0.22,-0.36,4.08867488E+08,-1.04638957E+09,1649464,4.11546212973651,0
2966914,83857,41.28,3.46,11.3517064,3.74337,238,391,339,341,341,0.47,0.07,-0.12,4.08867456E+08,-1.04638957E+09,1649452,4.07609205099635,-3.34779591836735
2967110,83863,41.28,3.26,10.6955384,3.73346,307,365,338,339,340,0.92,0.02,-0.12,4.08867456E+08,-1.0463895E+09,1649397,3.89564585677063,0